Difficulty,Title,Frequency,Acceptance Rate,Link,Topics
HARD,Sudoku Solver,100.0,0.6390844622410038,https://leetcode.com/problems/sudoku-solver,"Array, Hash Table, Backtracking, Matrix"
EASY,Island Perimeter,100.0,0.7353943497919185,https://leetcode.com/problems/island-perimeter,"Array, Depth-First Search, Breadth-First Search, Matrix"
MEDIUM,Merge Intervals,100.0,0.4939521330242054,https://leetcode.com/problems/merge-intervals,"Array, Sorting"
EASY,Two Sum,100.0,0.5577704214653709,https://leetcode.com/problems/two-sum,"Array, Hash Table"
EASY,Valid Palindrome,100.0,0.5096361518985055,https://leetcode.com/problems/valid-palindrome,"Two Pointers, String"
MEDIUM,3Sum,100.0,0.3707118624816828,https://leetcode.com/problems/3sum,"Array, Two Pointers, Sorting"
