Difficulty,Title,Frequency,Acceptance Rate,Link,Topics
EASY,Best Time to Buy and Sell Stock,100.0,0.5525969560951968,https://leetcode.com/problems/best-time-to-buy-and-sell-stock,"Array, Dynamic Programming"
EASY,Check if All Characters Have Equal Number of Occurrences,94.6,0.7869266398500473,https://leetcode.com/problems/check-if-all-characters-have-equal-number-of-occurrences,"Hash Table, String, Counting"
MEDIUM,Find All Anagrams in a String,80.5,0.5220075091652397,https://leetcode.com/problems/find-all-anagrams-in-a-string,"Hash Table, String, Sliding Window"
EASY,Two Sum,70.0,0.5577703407879065,https://leetcode.com/problems/two-sum,"Array, Hash Table"
HARD,Best Time to Buy and Sell Stock III,70.0,0.5112109071694252,https://leetcode.com/problems/best-time-to-buy-and-sell-stock-iii,"Array, Dynamic Programming"
EASY,Valid Parentheses,61.7,0.423228885927181,https://leetcode.com/problems/valid-parentheses,"String, Stack"
EASY,Climbing Stairs,61.7,0.5354080945386758,https://leetcode.com/problems/climbing-stairs,"Math, Dynamic Programming, Memoization"
