Difficulty,Title,Frequency,Acceptance Rate,Link,Topics
EASY,Backspace String Compare,100.0,0.49481723692271534,https://leetcode.com/problems/backspace-string-compare,"Two Pointers, String, Stack, Simulation"
MEDIUM,Daily Temperatures,100.0,0.6736502832589849,https://leetcode.com/problems/daily-temperatures,"Array, Stack, Monotonic Stack"
MEDIUM,3Sum,100.0,0.37070964419376135,https://leetcode.com/problems/3sum,"Array, Two Pointers, Sorting"
EASY,Best Time to Buy and Sell Stock,100.0,0.5525959754111676,https://leetcode.com/problems/best-time-to-buy-and-sell-stock,"Array, Dynamic Programming"
