Difficulty,Title,Frequency,Acceptance Rate,Link,Topics
EASY,Best Time to Buy and Sell Stock,100.0,0.5525959754111676,https://leetcode.com/problems/best-time-to-buy-and-sell-stock,"Array, Dynamic Programming"
EASY,Minimum Absolute Difference,94.4,0.7065237783248814,https://leetcode.com/problems/minimum-absolute-difference,"Array, Sorting"
MEDIUM,Daily Temperatures,94.4,0.6736502832589849,https://leetcode.com/problems/daily-temperatures,"Array, Stack, Monotonic Stack"
MEDIUM,Unique Paths II,76.9,0.4315424243087263,https://leetcode.com/problems/unique-paths-ii,"Array, Dynamic Programming, Matrix"
EASY,Backspace String Compare,76.9,0.49481723692271534,https://leetcode.com/problems/backspace-string-compare,"Two Pointers, String, Stack, Simulation"
MEDIUM,3Sum,76.9,0.37070964419376135,https://leetcode.com/problems/3sum,"Array, Two Pointers, Sorting"
EASY,Find Pivot Index,76.9,0.6057036695144293,https://leetcode.com/problems/find-pivot-index,"Array, Prefix Sum"
