Difficulty,Title,Frequency,Acceptance Rate,Link,Topics
MEDIUM,LRU Cache,100.0,0.45214622651505193,https://leetcode.com/problems/lru-cache,"Hash Table, Linked List, Design, Doubly-Linked List"
MEDIUM,Number of Islands,87.9,0.6231996817686392,https://leetcode.com/problems/number-of-islands,"Array, Depth-First Search, Breadth-First Search, Union Find, Matrix"
MEDIUM,Course Schedule,80.8,0.49234383194944714,https://leetcode.com/problems/course-schedule,"Depth-First Search, Breadth-First Search, Graph, Topological Sort"
MEDIUM,Longest Substring Without Repeating Characters,76.3,0.3693616230386026,https://leetcode.com/problems/longest-substring-without-repeating-characters,"Hash Table, String, Sliding Window"
MEDIUM,House Robber,70.8,0.5230498170963667,https://leetcode.com/problems/house-robber,"Array, Dynamic Programming"
MEDIUM,Basic Calculator II,70.8,0.4581138691872612,https://leetcode.com/problems/basic-calculator-ii,"Math, String, Stack"
EASY,Two Sum,70.8,0.5577699507046988,https://leetcode.com/problems/two-sum,"Array, Hash Table"
MEDIUM,Kth Largest Element in an Array,70.8,0.67977013748146,https://leetcode.com/problems/kth-largest-element-in-an-array,"Array, Divide and Conquer, Sorting, Heap (Priority Queue), Quickselect"
MEDIUM,House Robber II,70.8,0.43562717574783655,https://leetcode.com/problems/house-robber-ii,"Array, Dynamic Programming"
MEDIUM,Combination Sum,70.8,0.7467470164230636,https://leetcode.com/problems/combination-sum,"Array, Backtracking"
MEDIUM,Sort List,63.6,0.618074922962942,https://leetcode.com/problems/sort-list,"Linked List, Two Pointers, Divide and Conquer, Sorting, Merge Sort"
HARD,Trapping Rain Water,63.6,0.6510196274004795,https://leetcode.com/problems/trapping-rain-water,"Array, Two Pointers, Dynamic Programming, Stack, Monotonic Stack"
MEDIUM,Smallest Subsequence of Distinct Characters,63.6,0.6196004562783298,https://leetcode.com/problems/smallest-subsequence-of-distinct-characters,"String, Stack, Greedy, Monotonic Stack"
MEDIUM,Insert Delete GetRandom O(1),63.6,0.5499185329837445,https://leetcode.com/problems/insert-delete-getrandom-o1,"Array, Hash Table, Math, Design, Randomized"
MEDIUM,Combination Sum II,63.6,0.5767450173247776,https://leetcode.com/problems/combination-sum-ii,"Array, Backtracking"
HARD,Regular Expression Matching,63.6,0.29280169518763366,https://leetcode.com/problems/regular-expression-matching,"String, Dynamic Programming, Recursion"
MEDIUM,Number of Good Leaf Nodes Pairs,63.6,0.7177471264367816,https://leetcode.com/problems/number-of-good-leaf-nodes-pairs,"Tree, Depth-First Search, Binary Tree"
MEDIUM,Maximal Square,63.6,0.4876133314788993,https://leetcode.com/problems/maximal-square,"Array, Dynamic Programming, Matrix"
MEDIUM,Longest Consecutive Sequence,63.6,0.4704082485009824,https://leetcode.com/problems/longest-consecutive-sequence,"Array, Hash Table, Union Find"
MEDIUM,Longest Common Subsequence,63.6,0.5824940313622117,https://leetcode.com/problems/longest-common-subsequence,"String, Dynamic Programming"
MEDIUM,Search in Rotated Sorted Array,63.6,0.42837221403911835,https://leetcode.com/problems/search-in-rotated-sorted-array,"Array, Binary Search"
MEDIUM,Sum Game,63.6,0.48407793874311955,https://leetcode.com/problems/sum-game,"Math, String, Greedy, Game Theory"
MEDIUM,Rotting Oranges,63.6,0.5661839890477366,https://leetcode.com/problems/rotting-oranges,"Array, Breadth-First Search, Matrix"
MEDIUM,Delete Operation for Two Strings,63.6,0.6375419207771903,https://leetcode.com/problems/delete-operation-for-two-strings,"String, Dynamic Programming"
EASY,Add to Array-Form of Integer,53.7,0.4507475217825599,https://leetcode.com/problems/add-to-array-form-of-integer,"Array, Math"
MEDIUM,Minimum Area Rectangle,53.7,0.5500425559774781,https://leetcode.com/problems/minimum-area-rectangle,"Array, Hash Table, Math, Geometry, Sorting"
EASY,Count Binary Substrings,53.7,0.659166376012681,https://leetcode.com/problems/count-binary-substrings,"Two Pointers, String"
MEDIUM,Unique Paths,53.7,0.6577287347956182,https://leetcode.com/problems/unique-paths,"Math, Dynamic Programming, Combinatorics"
EASY,Merge Sorted Array,53.7,0.5291952521829845,https://leetcode.com/problems/merge-sorted-array,"Array, Two Pointers, Sorting"
MEDIUM,Compare Version Numbers,53.7,0.42347164241032764,https://leetcode.com/problems/compare-version-numbers,"Two Pointers, String"
MEDIUM,Search a 2D Matrix II,53.7,0.5522251243876155,https://leetcode.com/problems/search-a-2d-matrix-ii,"Array, Binary Search, Divide and Conquer, Matrix"
EASY,Best Time to Buy and Sell Stock,53.7,0.5525962159456385,https://leetcode.com/problems/best-time-to-buy-and-sell-stock,"Array, Dynamic Programming"
HARD,Sum of Distances in Tree,53.7,0.653395424019089,https://leetcode.com/problems/sum-of-distances-in-tree,"Dynamic Programming, Tree, Depth-First Search, Graph"
MEDIUM,Open the Lock,53.7,0.6074106348295799,https://leetcode.com/problems/open-the-lock,"Array, Hash Table, String, Breadth-First Search"
MEDIUM,Maximum Value at a Given Index in a Bounded Array,53.7,0.3885428476781023,https://leetcode.com/problems/maximum-value-at-a-given-index-in-a-bounded-array,"Math, Binary Search, Greedy"
MEDIUM,First Day Where You Have Been in All the Rooms,53.7,0.39704460709846706,https://leetcode.com/problems/first-day-where-you-have-been-in-all-the-rooms,"Array, Dynamic Programming"
MEDIUM,Container With Most Water,53.7,0.5778283102362785,https://leetcode.com/problems/container-with-most-water,"Array, Two Pointers, Greedy"
MEDIUM,Next Permutation,53.7,0.4305775328017951,https://leetcode.com/problems/next-permutation,"Array, Two Pointers"
MEDIUM,"Pow(x, n)",53.7,0.37023201698953384,https://leetcode.com/problems/powx-n,"Math, Recursion"
MEDIUM,Merge Intervals,53.7,0.49395246037855745,https://leetcode.com/problems/merge-intervals,"Array, Sorting"
MEDIUM,Course Schedule II,53.7,0.5342350291611208,https://leetcode.com/problems/course-schedule-ii,"Depth-First Search, Breadth-First Search, Graph, Topological Sort"
MEDIUM,Decode String,53.7,0.6115249906697672,https://leetcode.com/problems/decode-string,"String, Stack, Recursion"
MEDIUM,Find All Good Indices,53.7,0.3985184360031191,https://leetcode.com/problems/find-all-good-indices,"Array, Dynamic Programming, Prefix Sum"
EASY,Degree of an Array,53.7,0.5742057825337067,https://leetcode.com/problems/degree-of-an-array,"Array, Hash Table"
MEDIUM,Partition to K Equal Sum Subsets,53.7,0.3812602522279146,https://leetcode.com/problems/partition-to-k-equal-sum-subsets,"Array, Dynamic Programming, Backtracking, Bit Manipulation, Memoization, Bitmask"
HARD,Minimum Window Substring,53.7,0.45350717448159306,https://leetcode.com/problems/minimum-window-substring,"Hash Table, String, Sliding Window"
MEDIUM,H-Index,53.7,0.40286747560369873,https://leetcode.com/problems/h-index,"Array, Sorting, Counting Sort"
MEDIUM,Longest Palindromic Substring,53.7,0.35846127081875356,https://leetcode.com/problems/longest-palindromic-substring,"Two Pointers, String, Dynamic Programming"
HARD,Shortest Distance from All Buildings,53.7,0.4437276667084348,https://leetcode.com/problems/shortest-distance-from-all-buildings,"Array, Breadth-First Search, Matrix"
EASY,Reverse Linked List,53.7,0.7920656598058967,https://leetcode.com/problems/reverse-linked-list,"Linked List, Recursion"
MEDIUM,Remove Duplicate Letters,53.7,0.5135095841552992,https://leetcode.com/problems/remove-duplicate-letters,"String, Stack, Greedy, Monotonic Stack"
EASY,Climbing Stairs,53.7,0.5354070812403591,https://leetcode.com/problems/climbing-stairs,"Math, Dynamic Programming, Memoization"
