Difficulty,Title,Frequency,Acceptance Rate,Link,Topics
MEDIUM,Time Based Key-Value Store,100.0,0.49366517298520696,https://leetcode.com/problems/time-based-key-value-store,"Hash Table, String, Binary Search, Design"
MEDIUM,Insert Delete GetRandom O(1),91.4,0.5499185337366445,https://leetcode.com/problems/insert-delete-getrandom-o1,"Array, Hash Table, Math, Design, Randomized"
MEDIUM,Number of Islands,70.6,0.6232020829989401,https://leetcode.com/problems/number-of-islands,"Array, Depth-First Search, Breadth-First Search, Union Find, Matrix"
EASY,Valid Palindrome,70.6,0.5096361518985055,https://leetcode.com/problems/valid-palindrome,"Two Pointers, String"
EASY,Roman to Integer,62.0,0.6486643969866376,https://leetcode.com/problems/roman-to-integer,"Hash Table, Math, String"
MEDIUM,Edit Distance,62.0,0.5878980673987401,https://leetcode.com/problems/edit-distance,"String, Dynamic Programming"
MEDIUM,K Closest Points to Origin,62.0,0.6793976578069371,https://leetcode.com/problems/k-closest-points-to-origin,"Array, Math, Divide and Conquer, Geometry, Sorting, Heap (Priority Queue), Quickselect"
