Difficulty,Title,Frequency,Acceptance Rate,Link,Topics
EASY,Two Sum,100.0,0.5577701178825513,https://leetcode.com/problems/two-sum,"Array, Hash Table"
EASY,Isomorphic Strings,100.0,0.4685800275723814,https://leetcode.com/problems/isomorphic-strings,"Hash Table, String"
MEDIUM,3Sum,100.0,0.37071061122609317,https://leetcode.com/problems/3sum,"Array, Two Pointers, Sorting"
HARD,Lexicographically Smallest Generated String,100.0,0.29634433006403504,https://leetcode.com/problems/lexicographically-smallest-generated-string,"String, Greedy, String Matching"
HARD,Minimum Number of Refueling Stops,100.0,0.405574587771098,https://leetcode.com/problems/minimum-number-of-refueling-stops,"Array, Dynamic Programming, Greedy, Heap (Priority Queue)"
HARD,Maximum Employees to Be Invited to a Meeting,87.3,0.6210808912817661,https://leetcode.com/problems/maximum-employees-to-be-invited-to-a-meeting,"Depth-First Search, Graph, Topological Sort"
EASY,Merge Sorted Array,87.3,0.5291962432589488,https://leetcode.com/problems/merge-sorted-array,"Array, Two Pointers, Sorting"
MEDIUM,Maximum Subarray,87.3,0.5209982621027541,https://leetcode.com/problems/maximum-subarray,"Array, Divide and Conquer, Dynamic Programming"
MEDIUM,Permutations,87.3,0.8066019584580677,https://leetcode.com/problems/permutations,"Array, Backtracking"
EASY,Climbing Stairs,87.3,0.5354078905876042,https://leetcode.com/problems/climbing-stairs,"Math, Dynamic Programming, Memoization"
MEDIUM,Count Submatrices with Top-Left Element and Sum Less Than k,87.3,0.5723915766867506,https://leetcode.com/problems/count-submatrices-with-top-left-element-and-sum-less-than-k,"Array, Matrix, Prefix Sum"
MEDIUM,Double Modular Exponentiation,87.3,0.4710246360582307,https://leetcode.com/problems/double-modular-exponentiation,"Array, Math, Simulation"
EASY,Furthest Point From Origin,87.3,0.6444120731849435,https://leetcode.com/problems/furthest-point-from-origin,"String, Counting"
MEDIUM,Mark Elements on Array by Performing Queries,87.3,0.4769432539403733,https://leetcode.com/problems/mark-elements-on-array-by-performing-queries,"Array, Hash Table, Sorting, Heap (Priority Queue), Simulation"
MEDIUM,Lexicographical Numbers,87.3,0.7597714941239238,https://leetcode.com/problems/lexicographical-numbers,"Depth-First Search, Trie"
EASY,Palindrome Linked List,87.3,0.5585939012301956,https://leetcode.com/problems/palindrome-linked-list,"Linked List, Two Pointers, Stack, Recursion"
EASY,Valid Parentheses,87.3,0.4232289742372698,https://leetcode.com/problems/valid-parentheses,"String, Stack"
