Difficulty,Title,Frequency,Acceptance Rate,Link,Topics
HARD,Split Array with Equal Sum,100.0,0.5005901986323673,https://leetcode.com/problems/split-array-with-equal-sum,"Array, Hash Table, Prefix Sum"
MEDIUM,Split Concatenated Strings,100.0,0.4331808331326752,https://leetcode.com/problems/split-concatenated-strings,"Array, String, Greedy"
MEDIUM,Path Sum IV,100.0,0.6265683229813664,https://leetcode.com/problems/path-sum-iv,"Array, Hash Table, Tree, Depth-First Search, Binary Tree"
MEDIUM,Valid Parenthesis String,100.0,0.38909428484404673,https://leetcode.com/problems/valid-parenthesis-string,"String, Dynamic Programming, Stack, Greedy"
MEDIUM,Longest Substring Without Repeating Characters,63.7,0.3693614339383895,https://leetcode.com/problems/longest-substring-without-repeating-characters,"Hash Table, String, Sliding Window"
