Difficulty,Title,Frequency,Acceptance Rate,Link,Topics
EASY,Two Sum,100.0,0.5577698896587009,https://leetcode.com/problems/two-sum,"Array, Hash Table"
EASY,Best Time to Buy and Sell Stock,92.5,0.5525965868759138,https://leetcode.com/problems/best-time-to-buy-and-sell-stock,"Array, Dynamic Programming"
MEDIUM,LRU Cache,92.5,0.4521454488123034,https://leetcode.com/problems/lru-cache,"Hash Table, Linked List, Design, Doubly-Linked List"
MEDIUM,Number of Islands,92.5,0.6231991397851002,https://leetcode.com/problems/number-of-islands,"Array, Depth-First Search, Breadth-First Search, Union Find, Matrix"
MEDIUM,Reorganize String,92.5,0.5619629406023937,https://leetcode.com/problems/reorganize-string,"Hash Table, String, Greedy, Sorting, Heap (Priority Queue), Counting"
MEDIUM,Maximum Frequency After Subarray Operation,88.8,0.2657710280373832,https://leetcode.com/problems/maximum-frequency-after-subarray-operation,"Array, Hash Table, Dynamic Programming, Greedy, Enumeration, Prefix Sum"
MEDIUM,Longest Palindromic Substring,86.7,0.3584611475412551,https://leetcode.com/problems/longest-palindromic-substring,"Two Pointers, String, Dynamic Programming"
MEDIUM,Add Two Numbers,79.2,0.4622507231988566,https://leetcode.com/problems/add-two-numbers,"Linked List, Math, Recursion"
MEDIUM,Koko Eating Bananas,79.2,0.4906727853934328,https://leetcode.com/problems/koko-eating-bananas,"Array, Binary Search"
MEDIUM,Longest Substring Without Repeating Characters,79.2,0.36936168621033716,https://leetcode.com/problems/longest-substring-without-repeating-characters,"Hash Table, String, Sliding Window"
MEDIUM,Find First and Last Position of Element in Sorted Array,79.2,0.4682873183580639,https://leetcode.com/problems/find-first-and-last-position-of-element-in-sorted-array,"Array, Binary Search"
HARD,Trapping Rain Water,79.2,0.6510192881379091,https://leetcode.com/problems/trapping-rain-water,"Array, Two Pointers, Dynamic Programming, Stack, Monotonic Stack"
MEDIUM,Top K Frequent Elements,76.2,0.645659827588029,https://leetcode.com/problems/top-k-frequent-elements,"Array, Hash Table, Divide and Conquer, Sorting, Heap (Priority Queue), Bucket Sort, Counting, Quickselect"
HARD,Merge k Sorted Lists,72.7,0.567741907864408,https://leetcode.com/problems/merge-k-sorted-lists,"Linked List, Divide and Conquer, Heap (Priority Queue), Merge Sort"
MEDIUM,Jump Game II,72.7,0.4150320105538864,https://leetcode.com/problems/jump-game-ii,"Array, Dynamic Programming, Greedy"
MEDIUM,Merge Intervals,72.7,0.4939526774846352,https://leetcode.com/problems/merge-intervals,"Array, Sorting"
MEDIUM,Group Anagrams,72.7,0.7092881405821401,https://leetcode.com/problems/group-anagrams,"Array, Hash Table, String, Sorting"
MEDIUM,Lowest Common Ancestor of a Binary Tree,72.7,0.6675499347216417,https://leetcode.com/problems/lowest-common-ancestor-of-a-binary-tree,"Tree, Depth-First Search, Binary Tree"
MEDIUM,Longest Repeating Character Replacement,72.7,0.5721171000443614,https://leetcode.com/problems/longest-repeating-character-replacement,"Hash Table, String, Sliding Window"
HARD,Candy,68.7,0.4669973031537662,https://leetcode.com/problems/candy,"Array, Greedy"
MEDIUM,Meeting Rooms II,68.7,0.521416981510797,https://leetcode.com/problems/meeting-rooms-ii,"Array, Two Pointers, Greedy, Sorting, Heap (Priority Queue), Prefix Sum"
EASY,Valid Parentheses,68.7,0.42322816672162217,https://leetcode.com/problems/valid-parentheses,"String, Stack"
HARD,Minimum Window Substring,68.7,0.4535073359144813,https://leetcode.com/problems/minimum-window-substring,"Hash Table, String, Sliding Window"
MEDIUM,House Robber,68.7,0.5230496880795729,https://leetcode.com/problems/house-robber,"Array, Dynamic Programming"
HARD,Median of Two Sorted Arrays,68.7,0.4381459000864632,https://leetcode.com/problems/median-of-two-sorted-arrays,"Array, Binary Search, Divide and Conquer"
MEDIUM,Min Stack,64.0,0.5644510197289069,https://leetcode.com/problems/min-stack,"Stack, Design"
MEDIUM,Rotate Image,64.0,0.7790164518819447,https://leetcode.com/problems/rotate-image,"Array, Math, Matrix"
MEDIUM,Best Time to Buy and Sell Stock II,64.0,0.6950023404506479,https://leetcode.com/problems/best-time-to-buy-and-sell-stock-ii,"Array, Dynamic Programming, Greedy"
HARD,Concatenated Words,64.0,0.494441201784672,https://leetcode.com/problems/concatenated-words,"Array, String, Dynamic Programming, Depth-First Search, Trie"
MEDIUM,Generate Parentheses,64.0,0.7713286717803378,https://leetcode.com/problems/generate-parentheses,"String, Dynamic Programming, Backtracking"
MEDIUM,Search a 2D Matrix,64.0,0.5228955161093151,https://leetcode.com/problems/search-a-2d-matrix,"Array, Binary Search, Matrix"
MEDIUM,Coin Change,64.0,0.46495443407851283,https://leetcode.com/problems/coin-change,"Array, Dynamic Programming, Breadth-First Search"
MEDIUM,Unique Paths,64.0,0.6577283527258664,https://leetcode.com/problems/unique-paths,"Math, Dynamic Programming, Combinatorics"
HARD,LFU Cache,64.0,0.4660898637811462,https://leetcode.com/problems/lfu-cache,"Hash Table, Linked List, Design, Doubly-Linked List"
MEDIUM,Search in Rotated Sorted Array,64.0,0.4283722138743466,https://leetcode.com/problems/search-in-rotated-sorted-array,"Array, Binary Search"
MEDIUM,Next Permutation,64.0,0.4305773671839413,https://leetcode.com/problems/next-permutation,"Array, Two Pointers"
MEDIUM,Rotting Oranges,64.0,0.566185183855214,https://leetcode.com/problems/rotting-oranges,"Array, Breadth-First Search, Matrix"
MEDIUM,Insert Delete GetRandom O(1),64.0,0.549918579117808,https://leetcode.com/problems/insert-delete-getrandom-o1,"Array, Hash Table, Math, Design, Randomized"
EASY,Flood Fill,64.0,0.6647634560753026,https://leetcode.com/problems/flood-fill,"Array, Depth-First Search, Breadth-First Search, Matrix"
EASY,Fizz Buzz,64.0,0.7437053503971489,https://leetcode.com/problems/fizz-buzz,"Math, String, Simulation"
MEDIUM,Top K Frequent Words,58.2,0.5927717574111464,https://leetcode.com/problems/top-k-frequent-words,"Array, Hash Table, String, Trie, Sorting, Heap (Priority Queue), Bucket Sort, Counting"
MEDIUM,Integer to Roman,58.2,0.6861931275088928,https://leetcode.com/problems/integer-to-roman,"Hash Table, Math, String"
EASY,Invert Binary Tree,58.2,0.7902164996931849,https://leetcode.com/problems/invert-binary-tree,"Tree, Depth-First Search, Breadth-First Search, Binary Tree"
EASY,Move Zeroes,58.2,0.6280400947352507,https://leetcode.com/problems/move-zeroes,"Array, Two Pointers"
HARD,Basic Calculator,58.2,0.4558962794405194,https://leetcode.com/problems/basic-calculator,"Math, String, Stack, Recursion"
MEDIUM,Find All Possible Recipes from Given Supplies,58.2,0.5646091593277981,https://leetcode.com/problems/find-all-possible-recipes-from-given-supplies,"Array, Hash Table, String, Graph, Topological Sort"
MEDIUM,String to Integer (atoi),58.2,0.19229423495277723,https://leetcode.com/problems/string-to-integer-atoi,String
MEDIUM,Capacity To Ship Packages Within D Days,58.2,0.7211749034268226,https://leetcode.com/problems/capacity-to-ship-packages-within-d-days,"Array, Binary Search"
EASY,Roman to Integer,58.2,0.6486626948713667,https://leetcode.com/problems/roman-to-integer,"Hash Table, Math, String"
EASY,Palindrome Number,58.2,0.5922455030165414,https://leetcode.com/problems/palindrome-number,Math
MEDIUM,Maximum Subarray,58.2,0.5209978310902755,https://leetcode.com/problems/maximum-subarray,"Array, Divide and Conquer, Dynamic Programming"
MEDIUM,Word Search,58.2,0.45266914526852353,https://leetcode.com/problems/word-search,"Array, String, Backtracking, Depth-First Search, Matrix"
MEDIUM,Edit Distance,58.2,0.5878974125922288,https://leetcode.com/problems/edit-distance,"String, Dynamic Programming"
MEDIUM,Kth Largest Element in an Array,58.2,0.6797700117160972,https://leetcode.com/problems/kth-largest-element-in-an-array,"Array, Divide and Conquer, Sorting, Heap (Priority Queue), Quickselect"
MEDIUM,Minimum Equal Sum of Two Arrays After Replacing Zeros,50.9,0.5016214325632321,https://leetcode.com/problems/minimum-equal-sum-of-two-arrays-after-replacing-zeros,"Array, Greedy"
EASY,Majority Element,50.9,0.6574028018936169,https://leetcode.com/problems/majority-element,"Array, Hash Table, Divide and Conquer, Sorting, Counting"
HARD,Maximum Profit in Job Scheduling,50.9,0.5441799509843847,https://leetcode.com/problems/maximum-profit-in-job-scheduling,"Array, Binary Search, Dynamic Programming, Sorting"
EASY,Contains Duplicate,50.9,0.6323637545143186,https://leetcode.com/problems/contains-duplicate,"Array, Hash Table, Sorting"
MEDIUM,Product of Array Except Self,50.9,0.6777994606301018,https://leetcode.com/problems/product-of-array-except-self,"Array, Prefix Sum"
MEDIUM,Combination Sum,50.9,0.746747008868086,https://leetcode.com/problems/combination-sum,"Array, Backtracking"
MEDIUM,Container With Most Water,50.9,0.5778282574410597,https://leetcode.com/problems/container-with-most-water,"Array, Two Pointers, Greedy"
MEDIUM,Number of Provinces,50.9,0.6865500056031655,https://leetcode.com/problems/number-of-provinces,"Depth-First Search, Breadth-First Search, Union Find, Graph"
MEDIUM,Reverse Integer,50.9,0.30308916884483594,https://leetcode.com/problems/reverse-integer,Math
EASY,Single Number,50.9,0.7596882403268375,https://leetcode.com/problems/single-number,"Array, Bit Manipulation"
EASY,Pascal's Triangle,50.9,0.770215491719448,https://leetcode.com/problems/pascals-triangle,"Array, Dynamic Programming"
EASY,Min Cost Climbing Stairs,50.9,0.6719528273093127,https://leetcode.com/problems/min-cost-climbing-stairs,"Array, Dynamic Programming"
HARD,Word Search II,50.9,0.37326302712065756,https://leetcode.com/problems/word-search-ii,"Array, String, Backtracking, Trie, Matrix"
EASY,Next Greater Element I,50.9,0.7451247376157817,https://leetcode.com/problems/next-greater-element-i,"Array, Hash Table, Stack, Monotonic Stack"
MEDIUM,Analyze User Website Visit Pattern,50.9,0.4372699971913551,https://leetcode.com/problems/analyze-user-website-visit-pattern,"Array, Hash Table, Sorting"
HARD,Sliding Window Maximum,50.9,0.47604152747266454,https://leetcode.com/problems/sliding-window-maximum,"Array, Queue, Sliding Window, Heap (Priority Queue), Monotonic Queue"
HARD,Word Ladder,50.9,0.4281180881873274,https://leetcode.com/problems/word-ladder,"Hash Table, String, Breadth-First Search"
MEDIUM,Valid Sudoku,50.9,0.6227677721538815,https://leetcode.com/problems/valid-sudoku,"Array, Hash Table, Matrix"
HARD,Integer to English Words,50.9,0.34354789501950295,https://leetcode.com/problems/integer-to-english-words,"Math, String, Recursion"
MEDIUM,Course Schedule II,50.9,0.5342350291611208,https://leetcode.com/problems/course-schedule-ii,"Depth-First Search, Breadth-First Search, Graph, Topological Sort"
MEDIUM,Pacific Atlantic Water Flow,50.9,0.575339130930928,https://leetcode.com/problems/pacific-atlantic-water-flow,"Array, Depth-First Search, Breadth-First Search, Matrix"
MEDIUM,Jump Game,50.9,0.39479203759193593,https://leetcode.com/problems/jump-game,"Array, Dynamic Programming, Greedy"
MEDIUM,Validate Binary Search Tree,50.9,0.34380387886661157,https://leetcode.com/problems/validate-binary-search-tree,"Tree, Depth-First Search, Binary Search Tree, Binary Tree"
HARD,Sudoku Solver,50.9,0.6390871778033164,https://leetcode.com/problems/sudoku-solver,"Array, Hash Table, Backtracking, Matrix"
MEDIUM,Find the Duplicate Number,50.9,0.6283579203558779,https://leetcode.com/problems/find-the-duplicate-number,"Array, Two Pointers, Binary Search, Bit Manipulation"
MEDIUM,String Compression,50.9,0.5809148778010127,https://leetcode.com/problems/string-compression,"Two Pointers, String"
MEDIUM,Course Schedule,50.9,0.4923425308395746,https://leetcode.com/problems/course-schedule,"Depth-First Search, Breadth-First Search, Graph, Topological Sort"
MEDIUM,Maximize Distance to Closest Person,50.9,0.48987225030741904,https://leetcode.com/problems/maximize-distance-to-closest-person,Array
MEDIUM,Spiral Matrix,40.6,0.5393973501075863,https://leetcode.com/problems/spiral-matrix,"Array, Matrix, Simulation"
MEDIUM,Magnetic Force Between Two Balls,40.6,0.7134574135311467,https://leetcode.com/problems/magnetic-force-between-two-balls,"Array, Binary Search, Sorting"
EASY,Happy Number,40.6,0.5807262329091794,https://leetcode.com/problems/happy-number,"Hash Table, Math, Two Pointers"
EASY,Convert Sorted Array to Binary Search Tree,40.6,0.7407934506434607,https://leetcode.com/problems/convert-sorted-array-to-binary-search-tree,"Array, Divide and Conquer, Tree, Binary Search Tree, Binary Tree"
MEDIUM,Distribute Candies Among Children II,40.6,0.5613428385962695,https://leetcode.com/problems/distribute-candies-among-children-ii,"Math, Combinatorics, Enumeration"
MEDIUM,Find Eventual Safe States,40.6,0.6864738064925369,https://leetcode.com/problems/find-eventual-safe-states,"Depth-First Search, Breadth-First Search, Graph, Topological Sort"
MEDIUM,Combinations,40.6,0.7289646493270955,https://leetcode.com/problems/combinations,Backtracking
EASY,Design Parking System,40.6,0.870750002692428,https://leetcode.com/problems/design-parking-system,"Design, Simulation, Counting"
EASY,Divisible and Non-divisible Sums Difference,40.6,0.9127664581482015,https://leetcode.com/problems/divisible-and-non-divisible-sums-difference,Math
MEDIUM,Rotate List,40.6,0.39944772716128085,https://leetcode.com/problems/rotate-list,"Linked List, Two Pointers"
HARD,Largest Rectangle in Histogram,40.6,0.4737765317407914,https://leetcode.com/problems/largest-rectangle-in-histogram,"Array, Stack, Monotonic Stack"
HARD,Design In-Memory File System,40.6,0.4816948941663167,https://leetcode.com/problems/design-in-memory-file-system,"Hash Table, String, Design, Trie, Sorting"
MEDIUM,Decode String,40.6,0.6115249906697672,https://leetcode.com/problems/decode-string,"String, Stack, Recursion"
MEDIUM,Binary Tree Level Order Traversal,40.6,0.7059658947038693,https://leetcode.com/problems/binary-tree-level-order-traversal,"Tree, Breadth-First Search, Binary Tree"
MEDIUM,Subarray Sum Equals K,40.6,0.4547621523795086,https://leetcode.com/problems/subarray-sum-equals-k,"Array, Hash Table, Prefix Sum"
MEDIUM,Count Zero Request Servers,40.6,0.3411690593813203,https://leetcode.com/problems/count-zero-request-servers,"Array, Hash Table, Sliding Window, Sorting"
MEDIUM,K Closest Points to Origin,40.6,0.6793957161103558,https://leetcode.com/problems/k-closest-points-to-origin,"Array, Math, Divide and Conquer, Geometry, Sorting, Heap (Priority Queue), Quickselect"
MEDIUM,Evaluate Division,40.6,0.6314695091079937,https://leetcode.com/problems/evaluate-division,"Array, String, Depth-First Search, Breadth-First Search, Union Find, Graph, Shortest Path"
