Difficulty,Title,Frequency,Acceptance Rate,Link,Topics
HARD,Sliding Window Maximum,100.0,0.47604171417820246,https://leetcode.com/problems/sliding-window-maximum,"Array, Queue, Sliding Window, Heap (Priority Queue), Monotonic Queue"
MEDIUM,Merge Intervals,74.4,0.49395252843651954,https://leetcode.com/problems/merge-intervals,"Array, Sorting"
HARD,Count Palindromic Subsequences,65.7,0.39309342421812343,https://leetcode.com/problems/count-palindromic-subsequences,"String, Dynamic Programming"
MEDIUM,Meeting Scheduler,65.7,0.5522977372018112,https://leetcode.com/problems/meeting-scheduler,"Array, Two Pointers, Sorting"
HARD,Find Servers That Handled Most Number of Requests,65.7,0.4407547923322684,https://leetcode.com/problems/find-servers-that-handled-most-number-of-requests,"Array, Greedy, Heap (Priority Queue), Ordered Set"
EASY,Best Time to Buy and Sell Stock,65.7,0.5525965329429721,https://leetcode.com/problems/best-time-to-buy-and-sell-stock,"Array, Dynamic Programming"
