Difficulty,Title,Frequency,Acceptance Rate,Link,Topics
MEDIUM,Longest Non-decreasing Subarray From Two Arrays,100.0,0.2981855832758111,https://leetcode.com/problems/longest-non-decreasing-subarray-from-two-arrays,"Array, Dynamic Programming"
HARD,Binary Tree Maximum Path Sum,98.0,0.41224264845326536,https://leetcode.com/problems/binary-tree-maximum-path-sum,"Dynamic Programming, Tree, Depth-First Search, Binary Tree"
MEDIUM,Minimum Knight Moves,94.2,0.41329156777804593,https://leetcode.com/problems/minimum-knight-moves,Breadth-First Search
MEDIUM,Delete and Earn,94.2,0.5672788571185733,https://leetcode.com/problems/delete-and-earn,"Array, Hash Table, Dynamic Programming"
MEDIUM,Minimum Equal Sum of Two Arrays After Replacing Zeros,80.8,0.5016214325632321,https://leetcode.com/problems/minimum-equal-sum-of-two-arrays-after-replacing-zeros,"Array, Greedy"
HARD,Minimum Operations to Make Numbers Non-positive,77.4,0.4220088242927589,https://leetcode.com/problems/minimum-operations-to-make-numbers-non-positive,"Array, Binary Search"
MEDIUM,Number of Good Binary Strings,77.4,0.5249371022643184,https://leetcode.com/problems/number-of-good-binary-strings,Dynamic Programming
HARD,LFU Cache,77.4,0.4660898637811462,https://leetcode.com/problems/lfu-cache,"Hash Table, Linked List, Design, Doubly-Linked List"
MEDIUM,LRU Cache,73.5,0.45214576213144547,https://leetcode.com/problems/lru-cache,"Hash Table, Linked List, Design, Doubly-Linked List"
MEDIUM,Longest String Chain,71.2,0.6201512673699018,https://leetcode.com/problems/longest-string-chain,"Array, Hash Table, Two Pointers, String, Dynamic Programming, Sorting"
MEDIUM,Palindromic Substrings,71.2,0.7167859571435372,https://leetcode.com/problems/palindromic-substrings,"Two Pointers, String, Dynamic Programming"
HARD,Serialize and Deserialize Binary Tree,65.8,0.5896946953630543,https://leetcode.com/problems/serialize-and-deserialize-binary-tree,"String, Tree, Depth-First Search, Breadth-First Search, Design, Binary Tree"
MEDIUM,Evaluate Reverse Polish Notation,65.8,0.5495024017596329,https://leetcode.com/problems/evaluate-reverse-polish-notation,"Array, Math, Stack"
HARD,Sliding Window Maximum,65.8,0.47604171417820246,https://leetcode.com/problems/sliding-window-maximum,"Array, Queue, Sliding Window, Heap (Priority Queue), Monotonic Queue"
EASY,Best Time to Buy and Sell Stock,62.5,0.5525965329429721,https://leetcode.com/problems/best-time-to-buy-and-sell-stock,"Array, Dynamic Programming"
MEDIUM,Insert Delete GetRandom O(1),58.5,0.54991878709743,https://leetcode.com/problems/insert-delete-getrandom-o1,"Array, Hash Table, Math, Design, Randomized"
MEDIUM,Length of Longest Subarray With at Most K Frequency,58.5,0.5577122271225969,https://leetcode.com/problems/length-of-longest-subarray-with-at-most-k-frequency,"Array, Hash Table, Sliding Window"
HARD,Couples Holding Hands,58.5,0.5839613387880093,https://leetcode.com/problems/couples-holding-hands,"Greedy, Depth-First Search, Breadth-First Search, Union Find, Graph"
HARD,Robot Room Cleaner,58.5,0.7752279751307165,https://leetcode.com/problems/robot-room-cleaner,"Backtracking, Interactive"
HARD,Find Median from Data Stream,58.5,0.5327813617707072,https://leetcode.com/problems/find-median-from-data-stream,"Two Pointers, Design, Sorting, Heap (Priority Queue), Data Stream"
MEDIUM,Evaluate Division,58.5,0.6314695091079937,https://leetcode.com/problems/evaluate-division,"Array, String, Depth-First Search, Breadth-First Search, Union Find, Graph, Shortest Path"
MEDIUM,Find the Duplicate Number,58.5,0.6283577384693005,https://leetcode.com/problems/find-the-duplicate-number,"Array, Two Pointers, Binary Search, Bit Manipulation"
MEDIUM,Group Anagrams,58.5,0.7092882008000586,https://leetcode.com/problems/group-anagrams,"Array, Hash Table, String, Sorting"
MEDIUM,Validate Binary Search Tree,58.5,0.34380403551085315,https://leetcode.com/problems/validate-binary-search-tree,"Tree, Depth-First Search, Binary Search Tree, Binary Tree"
HARD,Sudoku Solver,58.5,0.6390866531877745,https://leetcode.com/problems/sudoku-solver,"Array, Hash Table, Backtracking, Matrix"
MEDIUM,Permutations,58.5,0.8066012553007272,https://leetcode.com/problems/permutations,"Array, Backtracking"
MEDIUM,Search Suggestions System,53.7,0.6505026464247127,https://leetcode.com/problems/search-suggestions-system,"Array, String, Binary Search, Trie, Sorting, Heap (Priority Queue)"
HARD,Merge k Sorted Lists,53.7,0.5677420052593406,https://leetcode.com/problems/merge-k-sorted-lists,"Linked List, Divide and Conquer, Heap (Priority Queue), Merge Sort"
MEDIUM,Number of Islands,53.7,0.6231992538801062,https://leetcode.com/problems/number-of-islands,"Array, Depth-First Search, Breadth-First Search, Union Find, Matrix"
HARD,Trapping Rain Water,53.7,0.6510193095174875,https://leetcode.com/problems/trapping-rain-water,"Array, Two Pointers, Dynamic Programming, Stack, Monotonic Stack"
HARD,N-Queens,53.7,0.7281708939408218,https://leetcode.com/problems/n-queens,"Array, Backtracking"
HARD,Design Search Autocomplete System,53.7,0.4940635941634056,https://leetcode.com/problems/design-search-autocomplete-system,"String, Depth-First Search, Design, Trie, Sorting, Heap (Priority Queue), Data Stream"
HARD,Regular Expression Matching,53.7,0.29280116328628375,https://leetcode.com/problems/regular-expression-matching,"String, Dynamic Programming, Recursion"
MEDIUM,Maximum Total Damage With Spell Casting,53.7,0.2774327122153209,https://leetcode.com/problems/maximum-total-damage-with-spell-casting,"Array, Hash Table, Two Pointers, Binary Search, Dynamic Programming, Sorting, Counting"
MEDIUM,Best Time to Buy and Sell Stock II,53.7,0.6950026730452624,https://leetcode.com/problems/best-time-to-buy-and-sell-stock-ii,"Array, Dynamic Programming, Greedy"
MEDIUM,Design Circular Queue,53.7,0.5264418953615425,https://leetcode.com/problems/design-circular-queue,"Array, Linked List, Design, Queue"
HARD,Best Position for a Service Centre,47.5,0.3487944380444229,https://leetcode.com/problems/best-position-for-a-service-centre,"Array, Math, Geometry, Randomized"
HARD,Design Excel Sum Formula,47.5,0.42568163292465855,https://leetcode.com/problems/design-excel-sum-formula,"Array, Hash Table, String, Graph, Design, Topological Sort, Matrix"
MEDIUM,Implement Trie (Prefix Tree),47.5,0.6793476261333812,https://leetcode.com/problems/implement-trie-prefix-tree,"Hash Table, String, Design, Trie"
HARD,Parallel Courses III,47.5,0.6674963944974485,https://leetcode.com/problems/parallel-courses-iii,"Array, Dynamic Programming, Graph, Topological Sort"
MEDIUM,Maximum Length of Repeated Subarray,47.5,0.5101333414238255,https://leetcode.com/problems/maximum-length-of-repeated-subarray,"Array, Binary Search, Dynamic Programming, Sliding Window, Rolling Hash, Hash Function"
EASY,Fizz Buzz,47.5,0.7437057263879774,https://leetcode.com/problems/fizz-buzz,"Math, String, Simulation"
MEDIUM,Combination Sum,47.5,0.7467468656021409,https://leetcode.com/problems/combination-sum,"Array, Backtracking"
MEDIUM,Perfect Squares,47.5,0.556720955872363,https://leetcode.com/problems/perfect-squares,"Math, Dynamic Programming, Breadth-First Search"
HARD,Sort Items by Groups Respecting Dependencies,47.5,0.6563638142659898,https://leetcode.com/problems/sort-items-by-groups-respecting-dependencies,"Depth-First Search, Breadth-First Search, Graph, Topological Sort"
EASY,Climbing Stairs,47.5,0.5354071662997495,https://leetcode.com/problems/climbing-stairs,"Math, Dynamic Programming, Memoization"
MEDIUM,Letter Combinations of a Phone Number,47.5,0.6385753475280027,https://leetcode.com/problems/letter-combinations-of-a-phone-number,"Hash Table, String, Backtracking"
HARD,Median of Two Sorted Arrays,47.5,0.43814597895533036,https://leetcode.com/problems/median-of-two-sorted-arrays,"Array, Binary Search, Divide and Conquer"
MEDIUM,Minimum Height Trees,47.5,0.42014412911485716,https://leetcode.com/problems/minimum-height-trees,"Depth-First Search, Breadth-First Search, Graph, Topological Sort"
MEDIUM,Count Ways To Build Good Strings,47.5,0.592145182134194,https://leetcode.com/problems/count-ways-to-build-good-strings,Dynamic Programming
MEDIUM,Maximal Square,47.5,0.4876133314788993,https://leetcode.com/problems/maximal-square,"Array, Dynamic Programming, Matrix"
HARD,Alien Dictionary,47.5,0.3667370231009105,https://leetcode.com/problems/alien-dictionary,"Array, String, Depth-First Search, Breadth-First Search, Graph, Topological Sort"
HARD,Longest Increasing Path in a Matrix,47.5,0.5534762586302827,https://leetcode.com/problems/longest-increasing-path-in-a-matrix,"Array, Dynamic Programming, Depth-First Search, Breadth-First Search, Graph, Topological Sort, Memoization, Matrix"
HARD,Minimum Costs Using the Train Line,47.5,0.7759452936444088,https://leetcode.com/problems/minimum-costs-using-the-train-line,"Array, Dynamic Programming"
HARD,Best Time to Buy and Sell Stock III,47.5,0.5112077786505705,https://leetcode.com/problems/best-time-to-buy-and-sell-stock-iii,"Array, Dynamic Programming"
MEDIUM,House Robber,47.5,0.5230498335398295,https://leetcode.com/problems/house-robber,"Array, Dynamic Programming"
HARD,Transform to Chessboard,47.5,0.5055323081662516,https://leetcode.com/problems/transform-to-chessboard,"Array, Math, Bit Manipulation, Matrix"
MEDIUM,3Sum,47.5,0.3707094094916058,https://leetcode.com/problems/3sum,"Array, Two Pointers, Sorting"
MEDIUM,Asteroid Collision,38.9,0.45500659848234903,https://leetcode.com/problems/asteroid-collision,"Array, Stack, Simulation"
HARD,Insert Delete GetRandom O(1) - Duplicates allowed,38.9,0.3577149824563679,https://leetcode.com/problems/insert-delete-getrandom-o1-duplicates-allowed,"Array, Hash Table, Math, Design, Randomized"
EASY,Sqrt(x),38.9,0.40371814671155276,https://leetcode.com/problems/sqrtx,"Math, Binary Search"
MEDIUM,Count Number of Maximum Bitwise-OR Subsets,38.9,0.8794639313734468,https://leetcode.com/problems/count-number-of-maximum-bitwise-or-subsets,"Array, Backtracking, Bit Manipulation, Enumeration"
MEDIUM,Search a 2D Matrix II,38.9,0.5522251243876155,https://leetcode.com/problems/search-a-2d-matrix-ii,"Array, Binary Search, Divide and Conquer, Matrix"
HARD,Word Ladder II,38.9,0.27152592915800633,https://leetcode.com/problems/word-ladder-ii,"Hash Table, String, Backtracking, Breadth-First Search"
HARD,Consecutive Numbers Sum,38.9,0.420202765468534,https://leetcode.com/problems/consecutive-numbers-sum,"Math, Enumeration"
MEDIUM,Longest Common Subsequence,38.9,0.582494259379739,https://leetcode.com/problems/longest-common-subsequence,"String, Dynamic Programming"
MEDIUM,Design Front Middle Back Queue,38.9,0.5626833592193408,https://leetcode.com/problems/design-front-middle-back-queue,"Array, Linked List, Design, Queue, Data Stream"
MEDIUM,Container With Most Water,38.9,0.5778283165036205,https://leetcode.com/problems/container-with-most-water,"Array, Two Pointers, Greedy"
MEDIUM,Paint House,38.9,0.6373080782394743,https://leetcode.com/problems/paint-house,"Array, Dynamic Programming"
HARD,Max Points on a Line,38.9,0.2895514653845652,https://leetcode.com/problems/max-points-on-a-line,"Array, Hash Table, Math, Geometry"
MEDIUM,"Pow(x, n)",38.9,0.37023184585699886,https://leetcode.com/problems/powx-n,"Math, Recursion"
HARD,Rank Transform of a Matrix,38.9,0.4142347814604516,https://leetcode.com/problems/rank-transform-of-a-matrix,"Array, Union Find, Graph, Topological Sort, Sorting, Matrix"
MEDIUM,Longest Increasing Subsequence,38.9,0.5780836795005291,https://leetcode.com/problems/longest-increasing-subsequence,"Array, Binary Search, Dynamic Programming"
MEDIUM,Merge Intervals,38.9,0.49395252843651954,https://leetcode.com/problems/merge-intervals,"Array, Sorting"
MEDIUM,Rotting Oranges,38.9,0.5661844214336468,https://leetcode.com/problems/rotting-oranges,"Array, Breadth-First Search, Matrix"
MEDIUM,Populating Next Right Pointers in Each Node II,38.9,0.5556620212908557,https://leetcode.com/problems/populating-next-right-pointers-in-each-node-ii,"Linked List, Tree, Depth-First Search, Breadth-First Search, Binary Tree"
MEDIUM,Reorganize String,38.9,0.5619634145417838,https://leetcode.com/problems/reorganize-string,"Hash Table, String, Greedy, Sorting, Heap (Priority Queue), Counting"
MEDIUM,First Completely Painted Row or Column,38.9,0.6392151838043829,https://leetcode.com/problems/first-completely-painted-row-or-column,"Array, Hash Table, Matrix"
HARD,The Skyline Problem,38.9,0.4396233271583687,https://leetcode.com/problems/the-skyline-problem,"Array, Divide and Conquer, Binary Indexed Tree, Segment Tree, Line Sweep, Heap (Priority Queue), Ordered Set"
MEDIUM,Permutations II,38.9,0.615917727605333,https://leetcode.com/problems/permutations-ii,"Array, Backtracking, Sorting"
MEDIUM,Simplify Path,38.9,0.47854346003751436,https://leetcode.com/problems/simplify-path,"String, Stack"
MEDIUM,Subarray Sums Divisible by K,38.9,0.5561771980621089,https://leetcode.com/problems/subarray-sums-divisible-by-k,"Array, Hash Table, Prefix Sum"
HARD,Bus Routes,38.9,0.4695297092963377,https://leetcode.com/problems/bus-routes,"Array, Hash Table, Breadth-First Search"
MEDIUM,Knight Probability in Chessboard,38.9,0.5659459211311573,https://leetcode.com/problems/knight-probability-in-chessboard,Dynamic Programming
HARD,Best Time to Buy and Sell Stock IV,38.9,0.47086154391046825,https://leetcode.com/problems/best-time-to-buy-and-sell-stock-iv,"Array, Dynamic Programming"
MEDIUM,Egg Drop With 2 Eggs and N Floors,38.9,0.7373311247994203,https://leetcode.com/problems/egg-drop-with-2-eggs-and-n-floors,"Math, Dynamic Programming"
MEDIUM,Word Search,38.9,0.45266938011238234,https://leetcode.com/problems/word-search,"Array, String, Backtracking, Depth-First Search, Matrix"
MEDIUM,Populating Next Right Pointers in Each Node,38.9,0.6544149639689759,https://leetcode.com/problems/populating-next-right-pointers-in-each-node,"Linked List, Tree, Depth-First Search, Breadth-First Search, Binary Tree"
EASY,Moving Average from Data Stream,38.9,0.7993882465731537,https://leetcode.com/problems/moving-average-from-data-stream,"Array, Design, Queue, Data Stream"
HARD,Basic Calculator,38.9,0.45589558921827417,https://leetcode.com/problems/basic-calculator,"Math, String, Stack, Recursion"
MEDIUM,Course Schedule II,38.9,0.5342350291611208,https://leetcode.com/problems/course-schedule-ii,"Depth-First Search, Breadth-First Search, Graph, Topological Sort"
MEDIUM,Course Schedule,38.9,0.492342885688383,https://leetcode.com/problems/course-schedule,"Depth-First Search, Breadth-First Search, Graph, Topological Sort"
MEDIUM,Binary Tree Zigzag Level Order Traversal,38.9,0.6168283891746636,https://leetcode.com/problems/binary-tree-zigzag-level-order-traversal,"Tree, Breadth-First Search, Binary Tree"
