Difficulty,Title,Frequency,Acceptance Rate,Link,Topics
MEDIUM,Minimum Operations to Write the Letter Y on a Grid,100.0,0.6194290206869442,https://leetcode.com/problems/minimum-operations-to-write-the-letter-y-on-a-grid,"Array, Hash Table, Matrix, Counting"
HARD,Block Placement Queries,93.3,0.168902023187088,https://leetcode.com/problems/block-placement-queries,"Array, Binary Search, Binary Indexed Tree, Segment Tree"
MEDIUM,Rotating the Box,89.1,0.7909813050714205,https://leetcode.com/problems/rotating-the-box,"Array, Two Pointers, Matrix"
MEDIUM,Simple Bank System,83.9,0.6142935665806328,https://leetcode.com/problems/simple-bank-system,"Array, Hash Table, Design, Simulation"
MEDIUM,Number of Black Blocks,83.9,0.3861547271028601,https://leetcode.com/problems/number-of-black-blocks,"Array, Hash Table, Enumeration"
MEDIUM,Candy Crush,83.9,0.7736899161778655,https://leetcode.com/problems/candy-crush,"Array, Two Pointers, Matrix, Simulation"
MEDIUM,Number of Subarrays That Match a Pattern I,83.9,0.6684595198334382,https://leetcode.com/problems/number-of-subarrays-that-match-a-pattern-i,"Array, Rolling Hash, String Matching, Hash Function"
HARD,Count Prefix and Suffix Pairs II,77.2,0.2720387820263219,https://leetcode.com/problems/count-prefix-and-suffix-pairs-ii,"Array, String, Trie, Rolling Hash, String Matching, Hash Function"
HARD,Largest Rectangle in Histogram,77.2,0.4737767587697204,https://leetcode.com/problems/largest-rectangle-in-histogram,"Array, Stack, Monotonic Stack"
MEDIUM,Simplify Path,77.2,0.47854346003751436,https://leetcode.com/problems/simplify-path,"String, Stack"
MEDIUM,Rotate Image,67.7,0.7790165261990751,https://leetcode.com/problems/rotate-image,"Array, Math, Matrix"
MEDIUM,Number of Adjacent Elements With the Same Color,67.7,0.5575544433923982,https://leetcode.com/problems/number-of-adjacent-elements-with-the-same-color,Array
MEDIUM,Merge Intervals,67.7,0.4939526057316443,https://leetcode.com/problems/merge-intervals,"Array, Sorting"
MEDIUM,LRU Cache,67.7,0.45214576213144547,https://leetcode.com/problems/lru-cache,"Hash Table, Linked List, Design, Doubly-Linked List"
MEDIUM,Spiral Matrix,67.7,0.5393976057408939,https://leetcode.com/problems/spiral-matrix,"Array, Matrix, Simulation"
