Difficulty,Title,Frequency,Acceptance Rate,Link,Topics
MEDIUM,Simple Bank System,100.0,0.6142935665806328,https://leetcode.com/problems/simple-bank-system,"Array, Hash Table, Design, Simulation"
MEDIUM,Spiral Matrix,94.7,0.5393976057408939,https://leetcode.com/problems/spiral-matrix,"Array, Matrix, Simulation"
HARD,Block Placement Queries,90.7,0.168902023187088,https://leetcode.com/problems/block-placement-queries,"Array, Binary Search, Binary Indexed Tree, Segment Tree"
MEDIUM,Minimum Operations to Write the Letter Y on a Grid,87.5,0.6194290206869442,https://leetcode.com/problems/minimum-operations-to-write-the-letter-y-on-a-grid,"Array, Hash Table, Matrix, Counting"
EASY,Count Operations to Obtain Zero,81.5,0.7488952285059014,https://leetcode.com/problems/count-operations-to-obtain-zero,"Math, Simulation"
MEDIUM,Candy Crush,79.1,0.7736899161778655,https://leetcode.com/problems/candy-crush,"Array, Two Pointers, Matrix, Simulation"
MEDIUM,Number of Black Blocks,73.2,0.3861547271028601,https://leetcode.com/problems/number-of-black-blocks,"Array, Hash Table, Enumeration"
MEDIUM,Rotating the Box,73.2,0.7909813050714205,https://leetcode.com/problems/rotating-the-box,"Array, Two Pointers, Matrix"
HARD,Count Prefix and Suffix Pairs II,69.4,0.2720387820263219,https://leetcode.com/problems/count-prefix-and-suffix-pairs-ii,"Array, String, Trie, Rolling Hash, String Matching, Hash Function"
MEDIUM,Simplify Path,64.8,0.47854346003751436,https://leetcode.com/problems/simplify-path,"String, Stack"
MEDIUM,Longest Continuous Subarray With Absolute Diff Less Than or Equal to Limit,64.8,0.5675056206933196,https://leetcode.com/problems/longest-continuous-subarray-with-absolute-diff-less-than-or-equal-to-limit,"Array, Queue, Sliding Window, Heap (Priority Queue), Ordered Set, Monotonic Queue"
HARD,Text Justification,64.8,0.48149935664104093,https://leetcode.com/problems/text-justification,"Array, String, Simulation"
MEDIUM,Number of Subarrays That Match a Pattern I,64.8,0.6684595198334382,https://leetcode.com/problems/number-of-subarrays-that-match-a-pattern-i,"Array, Rolling Hash, String Matching, Hash Function"
EASY,Palindrome Number,58.8,0.5922453846017719,https://leetcode.com/problems/palindrome-number,Math
HARD,Largest Rectangle in Histogram,58.8,0.4737767587697204,https://leetcode.com/problems/largest-rectangle-in-histogram,"Array, Stack, Monotonic Stack"
EASY,Best Time to Buy and Sell Stock,50.5,0.5525965239541591,https://leetcode.com/problems/best-time-to-buy-and-sell-stock,"Array, Dynamic Programming"
EASY,Add Strings,50.5,0.5190382397212994,https://leetcode.com/problems/add-strings,"Math, String, Simulation"
MEDIUM,Rotate Image,50.5,0.7790165261990751,https://leetcode.com/problems/rotate-image,"Array, Math, Matrix"
MEDIUM,Number of Adjacent Elements With the Same Color,50.5,0.5575544433923982,https://leetcode.com/problems/number-of-adjacent-elements-with-the-same-color,Array
MEDIUM,Merge Intervals,50.5,0.4939526057316443,https://leetcode.com/problems/merge-intervals,"Array, Sorting"
MEDIUM,LRU Cache,50.5,0.45214576213144547,https://leetcode.com/problems/lru-cache,"Hash Table, Linked List, Design, Doubly-Linked List"
