Difficulty,Title,Frequency,Acceptance Rate,Link,Topics
MEDIUM,Stock Price Fluctuation ,100.0,0.4816387154783381,https://leetcode.com/problems/stock-price-fluctuation,"Hash Table, Design, Heap (Priority Queue), Data Stream, Ordered Set"
MEDIUM,Meeting Rooms II,93.8,0.5214164447683243,https://leetcode.com/problems/meeting-rooms-ii,"Array, Two Pointers, Greedy, Sorting, Heap (Priority Queue), Prefix Sum"
HARD,All O`one Data Structure,85.0,0.44134779761452186,https://leetcode.com/problems/all-oone-data-structure,"Hash Table, Linked List, Design, Doubly-Linked List"
MEDIUM,Design Snake Game,78.7,0.3968485567576451,https://leetcode.com/problems/design-snake-game,"Array, Hash Table, Design, Queue, Simulation"
MEDIUM,High-Access Employees,78.7,0.46126369648115073,https://leetcode.com/problems/high-access-employees,"Array, Hash Table, String, Sorting"
MEDIUM,Lowest Common Ancestor of a Binary Tree,69.9,0.6675501387816432,https://leetcode.com/problems/lowest-common-ancestor-of-a-binary-tree,"Tree, Depth-First Search, Binary Tree"
MEDIUM,Koko Eating Bananas,69.9,0.49067280156684456,https://leetcode.com/problems/koko-eating-bananas,"Array, Binary Search"
