Difficulty,Title,Frequency,Acceptance Rate,Link,Topics
MEDIUM,Time Based Key-Value Store,100.0,0.4936482629369147,https://leetcode.com/problems/time-based-key-value-store,"Hash Table, String, Binary Search, Design"
MEDIUM,Online Election,94.5,0.5185121776930864,https://leetcode.com/problems/online-election,"Array, Hash Table, Binary Search, Design"
MEDIUM,Rabbits in Forest,87.4,0.5826704796321077,https://leetcode.com/problems/rabbits-in-forest,"Array, Hash Table, Math, Greedy"
MEDIUM,Open the Lock,87.4,0.6074135869227004,https://leetcode.com/problems/open-the-lock,"Array, Hash Table, String, Breadth-First Search"
MEDIUM,Bulls and Cows,77.3,0.5138771783652719,https://leetcode.com/problems/bulls-and-cows,"Hash Table, String, Counting"
EASY,Counter,77.3,0.8224375327236066,https://leetcode.com/problems/counter,
MEDIUM,House Robber,77.3,0.523059436068384,https://leetcode.com/problems/house-robber,"Array, Dynamic Programming"
MEDIUM,Merge Intervals,77.3,0.493984211255195,https://leetcode.com/problems/merge-intervals,"Array, Sorting"
