Difficulty,Title,Frequency,Acceptance Rate,Link,Topics
MEDIUM,Longest Substring Without Repeating Characters,100.0,0.36936185611748357,https://leetcode.com/problems/longest-substring-without-repeating-characters,"Hash Table, String, Sliding Window"
MEDIUM,Find Polygon With the Largest Perimeter,92.3,0.653496586482751,https://leetcode.com/problems/find-polygon-with-the-largest-perimeter,"Array, Greedy, Sorting, Prefix Sum"
MEDIUM,Generate Parentheses,81.6,0.7713292636809848,https://leetcode.com/problems/generate-parentheses,"String, Dynamic Programming, Backtracking"
MEDIUM,XOR Queries of a Subarray,81.6,0.7839745933101809,https://leetcode.com/problems/xor-queries-of-a-subarray,"Array, Bit Manipulation, Prefix Sum"
EASY,Best Time to Buy and Sell Stock,81.6,0.5525968774716257,https://leetcode.com/problems/best-time-to-buy-and-sell-stock,"Array, Dynamic Programming"
