Difficulty,Title,Frequency,Acceptance Rate,Link,Topics
EASY,Majority Element,100.0,0.657403709272363,https://leetcode.com/problems/majority-element,"Array, Hash Table, Divide and Conquer, Sorting, Counting"
MEDIUM,Koko Eating Bananas,100.0,0.4906719078708663,https://leetcode.com/problems/koko-eating-bananas,"Array, Binary Search"
MEDIUM,Set Matrix Zeroes,100.0,0.6070890553968923,https://leetcode.com/problems/set-matrix-zeroes,"Array, Hash Table, Matrix"
HARD,Median of Two Sorted Arrays,100.0,0.4381465178962261,https://leetcode.com/problems/median-of-two-sorted-arrays,"Array, Binary Search, Divide and Conquer"
MEDIUM,Elimination Game,100.0,0.44798935021224223,https://leetcode.com/problems/elimination-game,"Math, Recursion"
MEDIUM,Number of Subarrays That Match a Pattern I,100.0,0.6684595198334382,https://leetcode.com/problems/number-of-subarrays-that-match-a-pattern-i,"Array, Rolling Hash, String Matching, Hash Function"
MEDIUM,Sort Colors,100.0,0.6758309643609473,https://leetcode.com/problems/sort-colors,"Array, Two Pointers, Sorting"
MEDIUM,Maximum Subarray,100.0,0.5209983117304944,https://leetcode.com/problems/maximum-subarray,"Array, Divide and Conquer, Dynamic Programming"
