Difficulty,Title,Frequency,Acceptance Rate,Link,Topics
MEDIUM,LRU Cache,100.0,0.452147387470624,https://leetcode.com/problems/lru-cache,"Hash Table, Linked List, Design, Doubly-Linked List"
MEDIUM,Time Based Key-Value Store,100.0,0.49366388355657287,https://leetcode.com/problems/time-based-key-value-store,"Hash Table, String, Binary Search, Design"
MEDIUM,Valid Sudoku,100.0,0.6227680872343923,https://leetcode.com/problems/valid-sudoku,"Array, Hash Table, Matrix"
HARD,Sudoku Solver,100.0,0.6390853756141208,https://leetcode.com/problems/sudoku-solver,"Array, Hash Table, Backtracking, Matrix"
