Difficulty,Title,Frequency,Acceptance Rate,Link,Topics
HARD,Minimum Window Substring,100.0,0.4535447322090199,https://leetcode.com/problems/minimum-window-substring,"Hash Table, String, Sliding Window"
MEDIUM,Validate Stack Sequences,100.0,0.6969342482559882,https://leetcode.com/problems/validate-stack-sequences,"Array, Stack, Simulation"
MEDIUM,Subarray Sum Equals K,83.9,0.4548205497415466,https://leetcode.com/problems/subarray-sum-equals-k,"Array, Hash Table, Prefix Sum"
MEDIUM,Evaluate Reverse Polish Notation,83.9,0.5495720230545159,https://leetcode.com/problems/evaluate-reverse-polish-notation,"Array, Math, Stack"
