Difficulty,Title,Frequency,Acceptance Rate,Link,Topics
MEDIUM,Top K Frequent Elements,100.0,0.6456602561882786,https://leetcode.com/problems/top-k-frequent-elements,"Array, Hash Table, Divide and Conquer, Sorting, Heap (Priority Queue), Bucket Sort, Counting, Quickselect"
MEDIUM,Add Two Numbers,83.8,0.46225219430543096,https://leetcode.com/problems/add-two-numbers,"Linked List, Math, Recursion"
EASY,Add Strings,76.0,0.519038984013859,https://leetcode.com/problems/add-strings,"Math, String, Simulation"
MEDIUM,Generate Parentheses,62.7,0.771329050951006,https://leetcode.com/problems/generate-parentheses,"String, Dynamic Programming, Backtracking"
EASY,Add to Array-Form of Integer,55.0,0.4507483394218717,https://leetcode.com/problems/add-to-array-form-of-integer,"Array, Math"
EASY,Two Sum,55.0,0.5577703934776272,https://leetcode.com/problems/two-sum,"Array, Hash Table"
MEDIUM,Kth Largest Element in an Array,55.0,0.6797705147748462,https://leetcode.com/problems/kth-largest-element-in-an-array,"Array, Divide and Conquer, Sorting, Heap (Priority Queue), Quickselect"
