Difficulty,Title,Frequency,Acceptance Rate,Link,Topics
MEDIUM,Top K Frequent Elements,100.0,0.6456602561882786,https://leetcode.com/problems/top-k-frequent-elements,"Array, Hash Table, Divide and Conquer, Sorting, Heap (Priority Queue), Bucket Sort, Counting, Quickselect"
MEDIUM,Add Two Numbers,82.8,0.46225219430543096,https://leetcode.com/problems/add-two-numbers,"Linked List, Math, Recursion"
EASY,Add Strings,75.0,0.519038984013859,https://leetcode.com/problems/add-strings,"Math, String, Simulation"
MEDIUM,Generate Parentheses,61.6,0.771329050951006,https://leetcode.com/problems/generate-parentheses,"String, Dynamic Programming, Backtracking"
EASY,Merge Sorted Array,61.6,0.5291965716793704,https://leetcode.com/problems/merge-sorted-array,"Array, Two Pointers, Sorting"
EASY,Add to Array-Form of Integer,53.8,0.4507483394218717,https://leetcode.com/problems/add-to-array-form-of-integer,"Array, Math"
EASY,Two Sum,53.8,0.5577704075360636,https://leetcode.com/problems/two-sum,"Array, Hash Table"
MEDIUM,Sum of Subarray Minimums,53.8,0.37623390043456567,https://leetcode.com/problems/sum-of-subarray-minimums,"Array, Dynamic Programming, Stack, Monotonic Stack"
MEDIUM,Kth Largest Element in an Array,53.8,0.6797705147748462,https://leetcode.com/problems/kth-largest-element-in-an-array,"Array, Divide and Conquer, Sorting, Heap (Priority Queue), Quickselect"
