Difficulty,Title,Frequency,Acceptance Rate,Link,Topics
MEDIUM,Number of Divisible Substrings,100.0,0.734086999262718,https://leetcode.com/problems/number-of-divisible-substrings,"Hash Table, String, Counting, Prefix Sum"
MEDIUM,Design a 3D Binary Matrix with Efficient Layer Tracking,100.0,0.6643356643356644,https://leetcode.com/problems/design-a-3d-binary-matrix-with-efficient-layer-tracking,"Array, Hash Table, Design, Heap (Priority Queue), Matrix, Ordered Set"
EASY,Backspace String Compare,63.4,0.4948180427260363,https://leetcode.com/problems/backspace-string-compare,"Two Pointers, String, Stack, Simulation"
MEDIUM,Second Highest Salary,63.4,0.4386530976858341,https://leetcode.com/problems/second-highest-salary,Database
HARD,Build Array Where You Can Find The Maximum Exactly K Comparisons,63.4,0.6675739518425989,https://leetcode.com/problems/build-array-where-you-can-find-the-maximum-exactly-k-comparisons,"Dynamic Programming, Prefix Sum"
MEDIUM,Generate Parentheses,63.4,0.7713296329116214,https://leetcode.com/problems/generate-parentheses,"String, Dynamic Programming, Backtracking"
EASY,Rotate String,63.4,0.6393965020022866,https://leetcode.com/problems/rotate-string,"String, String Matching"
