Difficulty,Title,Frequency,Acceptance Rate,Link,Topics
MEDIUM,Remove All Adjacent Duplicates in String II,100.0,0.5960309289922421,https://leetcode.com/problems/remove-all-adjacent-duplicates-in-string-ii,"String, Stack"
HARD,Parse Lisp Expression,93.2,0.527591606639524,https://leetcode.com/problems/parse-lisp-expression,"Hash Table, String, Stack, Recursion"
EASY,Valid Palindrome II,73.6,0.43029597709633366,https://leetcode.com/problems/valid-palindrome-ii,"Two Pointers, String, Greedy"
EASY,Find Pivot Index,63.9,0.6057248574720265,https://leetcode.com/problems/find-pivot-index,"Array, Prefix Sum"
MEDIUM,Valid Sudoku,56.2,0.6227980977396423,https://leetcode.com/problems/valid-sudoku,"Array, Hash Table, Matrix"
HARD,Integer to English Words,56.2,0.3436121765501456,https://leetcode.com/problems/integer-to-english-words,"Math, String, Recursion"
MEDIUM,Evaluate Reverse Polish Notation,56.2,0.5495718467728048,https://leetcode.com/problems/evaluate-reverse-polish-notation,"Array, Math, Stack"
MEDIUM,Top K Frequent Words,56.2,0.592789021170677,https://leetcode.com/problems/top-k-frequent-words,"Array, Hash Table, String, Trie, Sorting, Heap (Priority Queue), Bucket Sort, Counting"
MEDIUM,Find First and Last Position of Element in Sorted Array,56.2,0.46833692586283493,https://leetcode.com/problems/find-first-and-last-position-of-element-in-sorted-array,"Array, Binary Search"
