Difficulty,Title,Frequency,Acceptance Rate,Link,Topics
MEDIUM,Watering Plants,100.0,0.7995625398726679,https://leetcode.com/problems/watering-plants,"Array, Simulation"
EASY,Two Sum,80.5,0.5578040661125258,https://leetcode.com/problems/two-sum,"Array, Hash Table"
EASY,Water Bottles,71.1,0.7064889679772526,https://leetcode.com/problems/water-bottles,"Math, Simulation"
MEDIUM,Minimum Time to Complete Trips,71.1,0.3904397351223481,https://leetcode.com/problems/minimum-time-to-complete-trips,"Array, Binary Search"
