Difficulty,Title,Frequency,Acceptance Rate,Link,Topics
MEDIUM,Top K Frequent Words,100.0,0.592771260185311,https://leetcode.com/problems/top-k-frequent-words,"Array, Hash Table, String, Trie, Sorting, Heap (Priority Queue), Bucket Sort, Counting"
MEDIUM,Top K Frequent Elements,92.0,0.6456596965737327,https://leetcode.com/problems/top-k-frequent-elements,"Array, Hash Table, Divide and Conquer, Sorting, Heap (Priority Queue), Bucket Sort, Counting, Quickselect"
MEDIUM,Maximum Product Subarray,92.0,0.34941614794619197,https://leetcode.com/problems/maximum-product-subarray,"Array, Dynamic Programming"
EASY,Split the Array,80.8,0.5922734052667847,https://leetcode.com/problems/split-the-array,"Array, Hash Table, Counting"
MEDIUM,LRU Cache,80.8,0.45214562575373923,https://leetcode.com/problems/lru-cache,"Hash Table, Linked List, Design, Doubly-Linked List"
MEDIUM,Longest Repeating Character Replacement,80.8,0.5721163769892559,https://leetcode.com/problems/longest-repeating-character-replacement,"Hash Table, String, Sliding Window"
HARD,Longest Increasing Path in a Matrix,80.8,0.5534762586302827,https://leetcode.com/problems/longest-increasing-path-in-a-matrix,"Array, Dynamic Programming, Depth-First Search, Breadth-First Search, Graph, Topological Sort, Memoization, Matrix"
