Difficulty,Title,Frequency,Acceptance Rate,Link,Topics
EASY,Two Sum,100.0,0.5577699165086937,https://leetcode.com/problems/two-sum,"Array, Hash Table"
EASY,Longest Common Prefix,79.0,0.4548305774598658,https://leetcode.com/problems/longest-common-prefix,"String, Trie"
MEDIUM,3Sum,78.6,0.3707094094916058,https://leetcode.com/problems/3sum,"Array, Two Pointers, Sorting"
HARD,Median of Two Sorted Arrays,77.0,0.4381460348224133,https://leetcode.com/problems/median-of-two-sorted-arrays,"Array, Binary Search, Divide and Conquer"
MEDIUM,Longest Substring Without Repeating Characters,75.7,0.3693616958685081,https://leetcode.com/problems/longest-substring-without-repeating-characters,"Hash Table, String, Sliding Window"
MEDIUM,Reverse Integer,74.3,0.30308922695548246,https://leetcode.com/problems/reverse-integer,Math
HARD,Trapping Rain Water,72.2,0.6510194577693873,https://leetcode.com/problems/trapping-rain-water,"Array, Two Pointers, Dynamic Programming, Stack, Monotonic Stack"
EASY,Merge Sorted Array,71.6,0.5291952521829845,https://leetcode.com/problems/merge-sorted-array,"Array, Two Pointers, Sorting"
MEDIUM,Add Two Numbers,70.5,0.4622507291808296,https://leetcode.com/problems/add-two-numbers,"Linked List, Math, Recursion"
EASY,Climbing Stairs,69.9,0.5354071840932856,https://leetcode.com/problems/climbing-stairs,"Math, Dynamic Programming, Memoization"
MEDIUM,Group Anagrams,68.6,0.7092883319407988,https://leetcode.com/problems/group-anagrams,"Array, Hash Table, String, Sorting"
EASY,Palindrome Number,68.6,0.5922454353509216,https://leetcode.com/problems/palindrome-number,Math
EASY,Valid Parentheses,66.6,0.42322823820875544,https://leetcode.com/problems/valid-parentheses,"String, Stack"
EASY,Remove Duplicates from Sorted Array,64.3,0.6035551873801481,https://leetcode.com/problems/remove-duplicates-from-sorted-array,"Array, Two Pointers"
MEDIUM,Container With Most Water,64.3,0.5778283165036205,https://leetcode.com/problems/container-with-most-water,"Array, Two Pointers, Greedy"
MEDIUM,Longest Palindromic Substring,64.3,0.358461107628481,https://leetcode.com/problems/longest-palindromic-substring,"Two Pointers, String, Dynamic Programming"
MEDIUM,Next Permutation,63.4,0.4305775328017951,https://leetcode.com/problems/next-permutation,"Array, Two Pointers"
EASY,Remove Element,63.4,0.600316358048653,https://leetcode.com/problems/remove-element,"Array, Two Pointers"
EASY,Roman to Integer,62.6,0.6486627884371093,https://leetcode.com/problems/roman-to-integer,"Hash Table, Math, String"
MEDIUM,Spiral Matrix,62.6,0.5393976057408939,https://leetcode.com/problems/spiral-matrix,"Array, Matrix, Simulation"
EASY,Merge Two Sorted Lists,61.7,0.6684088801523707,https://leetcode.com/problems/merge-two-sorted-lists,"Linked List, Recursion"
MEDIUM,Set Matrix Zeroes,59.7,0.6070884864800216,https://leetcode.com/problems/set-matrix-zeroes,"Array, Hash Table, Matrix"
MEDIUM,Jump Game,57.5,0.39479197867291327,https://leetcode.com/problems/jump-game,"Array, Dynamic Programming, Greedy"
EASY,Plus One,57.5,0.4754763031468927,https://leetcode.com/problems/plus-one,"Array, Math"
MEDIUM,Generate Parentheses,56.3,0.7713286717803378,https://leetcode.com/problems/generate-parentheses,"String, Dynamic Programming, Backtracking"
MEDIUM,Letter Combinations of a Phone Number,55.1,0.6385755061179695,https://leetcode.com/problems/letter-combinations-of-a-phone-number,"Hash Table, String, Backtracking"
MEDIUM,Rotate Image,55.1,0.7790165261990751,https://leetcode.com/problems/rotate-image,"Array, Math, Matrix"
MEDIUM,Integer to Roman,53.7,0.6861925885666443,https://leetcode.com/problems/integer-to-roman,"Hash Table, Math, String"
MEDIUM,Merge Intervals,52.3,0.49395260388425144,https://leetcode.com/problems/merge-intervals,"Array, Sorting"
MEDIUM,Permutations,52.3,0.8066012553007272,https://leetcode.com/problems/permutations,"Array, Backtracking"
MEDIUM,Find First and Last Position of Element in Sorted Array,52.3,0.46828759474545545,https://leetcode.com/problems/find-first-and-last-position-of-element-in-sorted-array,"Array, Binary Search"
MEDIUM,Remove Duplicates from Sorted Array II,50.7,0.6290186962409604,https://leetcode.com/problems/remove-duplicates-from-sorted-array-ii,"Array, Two Pointers"
MEDIUM,Jump Game II,50.7,0.415032966531176,https://leetcode.com/problems/jump-game-ii,"Array, Dynamic Programming, Greedy"
EASY,Sqrt(x),50.7,0.40371814671155276,https://leetcode.com/problems/sqrtx,"Math, Binary Search"
MEDIUM,Sort Colors,49.0,0.675831142046278,https://leetcode.com/problems/sort-colors,"Array, Two Pointers, Sorting"
MEDIUM,Combination Sum II,49.0,0.5767453180420465,https://leetcode.com/problems/combination-sum-ii,"Array, Backtracking"
MEDIUM,Unique Paths,49.0,0.6577287347956182,https://leetcode.com/problems/unique-paths,"Math, Dynamic Programming, Combinatorics"
HARD,First Missing Positive,49.0,0.4108465766394882,https://leetcode.com/problems/first-missing-positive,"Array, Hash Table"
MEDIUM,Maximum Subarray,49.0,0.5209977640581438,https://leetcode.com/problems/maximum-subarray,"Array, Divide and Conquer, Dynamic Programming"
MEDIUM,Valid Sudoku,49.0,0.6227675793740958,https://leetcode.com/problems/valid-sudoku,"Array, Hash Table, Matrix"
HARD,Merge k Sorted Lists,49.0,0.5677420052593406,https://leetcode.com/problems/merge-k-sorted-lists,"Linked List, Divide and Conquer, Heap (Priority Queue), Merge Sort"
MEDIUM,Search in Rotated Sorted Array,47.2,0.42837216325866995,https://leetcode.com/problems/search-in-rotated-sorted-array,"Array, Binary Search"
MEDIUM,"Pow(x, n)",47.2,0.370231906887774,https://leetcode.com/problems/powx-n,"Math, Recursion"
EASY,Find the Index of the First Occurrence in a String,45.2,0.4497159539277782,https://leetcode.com/problems/find-the-index-of-the-first-occurrence-in-a-string,"Two Pointers, String, String Matching"
MEDIUM,Subsets,45.2,0.8087956878508169,https://leetcode.com/problems/subsets,"Array, Backtracking, Bit Manipulation"
EASY,Search Insert Position,45.2,0.4901244226677809,https://leetcode.com/problems/search-insert-position,"Array, Binary Search"
MEDIUM,Construct Binary Tree from Preorder and Inorder Traversal,45.2,0.6683774773521286,https://leetcode.com/problems/construct-binary-tree-from-preorder-and-inorder-traversal,"Array, Hash Table, Divide and Conquer, Tree, Binary Tree"
MEDIUM,Divide Two Integers,45.2,0.18396975085033054,https://leetcode.com/problems/divide-two-integers,"Math, Bit Manipulation"
MEDIUM,String to Integer (atoi),42.9,0.19229419795412275,https://leetcode.com/problems/string-to-integer-atoi,String
HARD,Reverse Nodes in k-Group,42.9,0.630436472551844,https://leetcode.com/problems/reverse-nodes-in-k-group,"Linked List, Recursion"
MEDIUM,Reverse Linked List II,42.9,0.495917143135072,https://leetcode.com/problems/reverse-linked-list-ii,Linked List
MEDIUM,Binary Tree Zigzag Level Order Traversal,42.9,0.6168283891746636,https://leetcode.com/problems/binary-tree-zigzag-level-order-traversal,"Tree, Breadth-First Search, Binary Tree"
EASY,Length of Last Word,42.9,0.5631925343033879,https://leetcode.com/problems/length-of-last-word,String
MEDIUM,Swap Nodes in Pairs,42.9,0.6720136828647639,https://leetcode.com/problems/swap-nodes-in-pairs,"Linked List, Recursion"
HARD,Minimum Window Substring,42.9,0.45350747638232236,https://leetcode.com/problems/minimum-window-substring,"Hash Table, String, Sliding Window"
HARD,Largest Rectangle in Histogram,42.9,0.4737769446459488,https://leetcode.com/problems/largest-rectangle-in-histogram,"Array, Stack, Monotonic Stack"
MEDIUM,Zigzag Conversion,40.3,0.5160678115303926,https://leetcode.com/problems/zigzag-conversion,String
MEDIUM,4Sum,40.3,0.3821900891354193,https://leetcode.com/problems/4sum,"Array, Two Pointers, Sorting"
MEDIUM,3Sum Closest,40.3,0.468869600214817,https://leetcode.com/problems/3sum-closest,"Array, Two Pointers, Sorting"
HARD,Wildcard Matching,40.3,0.29898326214211846,https://leetcode.com/problems/wildcard-matching,"String, Dynamic Programming, Greedy, Recursion"
MEDIUM,Remove Nth Node From End of List,40.3,0.4896105904273307,https://leetcode.com/problems/remove-nth-node-from-end-of-list,"Linked List, Two Pointers"
MEDIUM,Partition List,40.3,0.5898677373641946,https://leetcode.com/problems/partition-list,"Linked List, Two Pointers"
EASY,Binary Tree Inorder Traversal,37.3,0.7858399541084903,https://leetcode.com/problems/binary-tree-inorder-traversal,"Stack, Tree, Depth-First Search, Binary Tree"
MEDIUM,Insert Interval,37.3,0.43473645466038635,https://leetcode.com/problems/insert-interval,Array
EASY,Symmetric Tree,37.3,0.5927867908424697,https://leetcode.com/problems/symmetric-tree,"Tree, Depth-First Search, Breadth-First Search, Binary Tree"
HARD,Sudoku Solver,37.3,0.6390866531877745,https://leetcode.com/problems/sudoku-solver,"Array, Hash Table, Backtracking, Matrix"
HARD,Text Justification,33.9,0.48149935664104093,https://leetcode.com/problems/text-justification,"Array, String, Simulation"
EASY,Add Binary,33.9,0.5567702663015909,https://leetcode.com/problems/add-binary,"Math, String, Bit Manipulation, Simulation"
MEDIUM,Decode Ways,33.9,0.36530982861754346,https://leetcode.com/problems/decode-ways,"String, Dynamic Programming"
HARD,Longest Valid Parentheses,33.9,0.3631311456770452,https://leetcode.com/problems/longest-valid-parentheses,"String, Dynamic Programming, Stack"
EASY,Same Tree,33.9,0.6512686725276524,https://leetcode.com/problems/same-tree,"Tree, Depth-First Search, Breadth-First Search, Binary Tree"
EASY,Balanced Binary Tree,33.9,0.5534206156043029,https://leetcode.com/problems/balanced-binary-tree,"Tree, Depth-First Search, Binary Tree"
MEDIUM,Word Search,33.9,0.45266938011238234,https://leetcode.com/problems/word-search,"Array, String, Backtracking, Depth-First Search, Matrix"
MEDIUM,Search a 2D Matrix,33.9,0.5228958306958686,https://leetcode.com/problems/search-a-2d-matrix,"Array, Binary Search, Matrix"
EASY,Remove Duplicates from Sorted List,29.7,0.5487081617461452,https://leetcode.com/problems/remove-duplicates-from-sorted-list,Linked List
MEDIUM,Validate Binary Search Tree,29.7,0.34380403551085315,https://leetcode.com/problems/validate-binary-search-tree,"Tree, Depth-First Search, Binary Search Tree, Binary Tree"
EASY,Maximum Depth of Binary Tree,29.7,0.7713815272678225,https://leetcode.com/problems/maximum-depth-of-binary-tree,"Tree, Depth-First Search, Breadth-First Search, Binary Tree"
MEDIUM,Search in Rotated Sorted Array II,29.7,0.3887964488253302,https://leetcode.com/problems/search-in-rotated-sorted-array-ii,"Array, Binary Search"
MEDIUM,Combinations,29.7,0.728964998447839,https://leetcode.com/problems/combinations,Backtracking
MEDIUM,Edit Distance,29.7,0.5878978269295445,https://leetcode.com/problems/edit-distance,"String, Dynamic Programming"
MEDIUM,Unique Paths II,29.7,0.4315438505851779,https://leetcode.com/problems/unique-paths-ii,"Array, Dynamic Programming, Matrix"
MEDIUM,Rotate List,29.7,0.3994476663735721,https://leetcode.com/problems/rotate-list,"Linked List, Two Pointers"
HARD,Permutation Sequence,29.7,0.4994329004732563,https://leetcode.com/problems/permutation-sequence,"Math, Recursion"
MEDIUM,Spiral Matrix II,29.7,0.734312719680276,https://leetcode.com/problems/spiral-matrix-ii,"Array, Matrix, Simulation"
HARD,Substring with Concatenation of All Words,29.7,0.32997499702748073,https://leetcode.com/problems/substring-with-concatenation-of-all-words,"Hash Table, String, Sliding Window"
MEDIUM,Remove Duplicates from Sorted List II,24.4,0.4989080936318432,https://leetcode.com/problems/remove-duplicates-from-sorted-list-ii,"Linked List, Two Pointers"
MEDIUM,Count and Say,24.4,0.6050656775612677,https://leetcode.com/problems/count-and-say,String
MEDIUM,Restore IP Addresses,24.4,0.531583393083398,https://leetcode.com/problems/restore-ip-addresses,"String, Backtracking"
HARD,N-Queens,24.4,0.7281704967757537,https://leetcode.com/problems/n-queens,"Array, Backtracking"
MEDIUM,Permutations II,24.4,0.615917727605333,https://leetcode.com/problems/permutations-ii,"Array, Backtracking, Sorting"
MEDIUM,Simplify Path,24.4,0.47854346003751436,https://leetcode.com/problems/simplify-path,"String, Stack"
EASY,Convert Sorted Array to Binary Search Tree,17.4,0.7407934506434607,https://leetcode.com/problems/convert-sorted-array-to-binary-search-tree,"Array, Divide and Conquer, Tree, Binary Search Tree, Binary Tree"
MEDIUM,Construct Binary Tree from Inorder and Postorder Traversal,17.4,0.6608200104533679,https://leetcode.com/problems/construct-binary-tree-from-inorder-and-postorder-traversal,"Array, Hash Table, Divide and Conquer, Tree, Binary Tree"
MEDIUM,Combination Sum,17.4,0.7467468656021409,https://leetcode.com/problems/combination-sum,"Array, Backtracking"
MEDIUM,Binary Tree Level Order Traversal,17.4,0.7059657203049214,https://leetcode.com/problems/binary-tree-level-order-traversal,"Tree, Breadth-First Search, Binary Tree"
MEDIUM,Unique Binary Search Trees,17.4,0.6244520536210353,https://leetcode.com/problems/unique-binary-search-trees,"Math, Dynamic Programming, Tree, Binary Search Tree, Binary Tree"
MEDIUM,Subsets II,17.4,0.595072748658621,https://leetcode.com/problems/subsets-ii,"Array, Backtracking, Bit Manipulation"
HARD,Maximal Rectangle,17.4,0.5370845822665518,https://leetcode.com/problems/maximal-rectangle,"Array, Dynamic Programming, Stack, Matrix, Monotonic Stack"
MEDIUM,Multiply Strings,17.4,0.4228943914738829,https://leetcode.com/problems/multiply-strings,"Math, String, Simulation"
EASY,Minimum Depth of Binary Tree,17.4,0.5066668022955421,https://leetcode.com/problems/minimum-depth-of-binary-tree,"Tree, Depth-First Search, Breadth-First Search, Binary Tree"
