Difficulty,Title,Frequency,Acceptance Rate,Link,Topics
MEDIUM,Find Duplicate File in System,100.0,0.6757528599572867,https://leetcode.com/problems/find-duplicate-file-in-system,"Array, Hash Table, String"
HARD,Best Meeting Point,95.8,0.6124969405912432,https://leetcode.com/problems/best-meeting-point,"Array, Math, Sorting, Matrix"
HARD,Shortest Distance from All Buildings,95.8,0.44375276748782305,https://leetcode.com/problems/shortest-distance-from-all-buildings,"Array, Breadth-First Search, Matrix"
MEDIUM,Find First and Last Position of Element in Sorted Array,84.0,0.4683359019471929,https://leetcode.com/problems/find-first-and-last-position-of-element-in-sorted-array,"Array, Binary Search"
