Difficulty,Title,Frequency,Acceptance Rate,Link,Topics
MEDIUM,Merge Intervals,100.0,0.4939842314628382,https://leetcode.com/problems/merge-intervals,"Array, Sorting"
MEDIUM,Minesweeper,96.6,0.6812276619036227,https://leetcode.com/problems/minesweeper,"Array, Depth-First Search, Breadth-First Search, Matrix"
HARD,Word Abbreviation,92.5,0.6190250925545043,https://leetcode.com/problems/word-abbreviation,"Array, String, Greedy, Trie, Sorting"
MEDIUM,Range Sum Query 2D - Immutable,72.1,0.5653032094178108,https://leetcode.com/problems/range-sum-query-2d-immutable,"Array, Design, Matrix, Prefix Sum"
