Difficulty,Title,Frequency,Acceptance Rate,Link,Topics
EASY,Two Sum,100.0,0.5577699666639316,https://leetcode.com/problems/two-sum,"Array, Hash Table"
MEDIUM,Longest Substring Without Repeating Characters,78.6,0.36936173184826904,https://leetcode.com/problems/longest-substring-without-repeating-characters,"Hash Table, String, Sliding Window"
EASY,Valid Parentheses,77.5,0.4232282567926559,https://leetcode.com/problems/valid-parentheses,"String, Stack"
EASY,Longest Common Prefix,76.3,0.4548305143026601,https://leetcode.com/problems/longest-common-prefix,"String, Trie"
HARD,Median of Two Sorted Arrays,74.1,0.43814591586025275,https://leetcode.com/problems/median-of-two-sorted-arrays,"Array, Binary Search, Divide and Conquer"
EASY,Merge Sorted Array,72.6,0.5291951450619177,https://leetcode.com/problems/merge-sorted-array,"Array, Two Pointers, Sorting"
MEDIUM,Group Anagrams,72.1,0.7092882244410338,https://leetcode.com/problems/group-anagrams,"Array, Hash Table, String, Sorting"
MEDIUM,Merge Intervals,71.6,0.4939527547797844,https://leetcode.com/problems/merge-intervals,"Array, Sorting"
EASY,Palindrome Number,70.0,0.5922454522673172,https://leetcode.com/problems/palindrome-number,Math
MEDIUM,Longest Palindromic Substring,68.8,0.35846111456358737,https://leetcode.com/problems/longest-palindromic-substring,"Two Pointers, String, Dynamic Programming"
HARD,Trapping Rain Water,68.8,0.6510193782985645,https://leetcode.com/problems/trapping-rain-water,"Array, Two Pointers, Dynamic Programming, Stack, Monotonic Stack"
MEDIUM,Reverse Integer,68.2,0.30308917553888653,https://leetcode.com/problems/reverse-integer,Math
EASY,Climbing Stairs,67.5,0.5354071840932856,https://leetcode.com/problems/climbing-stairs,"Math, Dynamic Programming, Memoization"
MEDIUM,Add Two Numbers,67.5,0.4622507658063209,https://leetcode.com/problems/add-two-numbers,"Linked List, Math, Recursion"
MEDIUM,3Sum,66.9,0.37070946435035784,https://leetcode.com/problems/3sum,"Array, Two Pointers, Sorting"
EASY,Roman to Integer,66.2,0.6486627884371093,https://leetcode.com/problems/roman-to-integer,"Hash Table, Math, String"
EASY,Remove Duplicates from Sorted Array,66.2,0.6035551112882038,https://leetcode.com/problems/remove-duplicates-from-sorted-array,"Array, Two Pointers"
MEDIUM,Search in Rotated Sorted Array,64.7,0.4283722138743466,https://leetcode.com/problems/search-in-rotated-sorted-array,"Array, Binary Search"
MEDIUM,Spiral Matrix,64.0,0.5393973501075863,https://leetcode.com/problems/spiral-matrix,"Array, Matrix, Simulation"
MEDIUM,Container With Most Water,62.3,0.5778282574410597,https://leetcode.com/problems/container-with-most-water,"Array, Two Pointers, Greedy"
MEDIUM,Rotate Image,62.3,0.7790164518819447,https://leetcode.com/problems/rotate-image,"Array, Math, Matrix"
EASY,Pascal's Triangle,62.3,0.770215491719448,https://leetcode.com/problems/pascals-triangle,"Array, Dynamic Programming"
MEDIUM,Valid Sudoku,62.3,0.6227675793740958,https://leetcode.com/problems/valid-sudoku,"Array, Hash Table, Matrix"
MEDIUM,Maximum Subarray,61.5,0.520997876367211,https://leetcode.com/problems/maximum-subarray,"Array, Divide and Conquer, Dynamic Programming"
MEDIUM,Generate Parentheses,60.6,0.7713286717803378,https://leetcode.com/problems/generate-parentheses,"String, Dynamic Programming, Backtracking"
HARD,Merge k Sorted Lists,60.6,0.567741907864408,https://leetcode.com/problems/merge-k-sorted-lists,"Linked List, Divide and Conquer, Heap (Priority Queue), Merge Sort"
EASY,Sqrt(x),58.6,0.4037178718652037,https://leetcode.com/problems/sqrtx,"Math, Binary Search"
EASY,Remove Element,58.6,0.600316358048653,https://leetcode.com/problems/remove-element,"Array, Two Pointers"
EASY,Search Insert Position,57.6,0.4901242285525163,https://leetcode.com/problems/search-insert-position,"Array, Binary Search"
EASY,Merge Two Sorted Lists,55.3,0.6684091757223755,https://leetcode.com/problems/merge-two-sorted-lists,"Linked List, Recursion"
EASY,Add Binary,54.0,0.5567701348180015,https://leetcode.com/problems/add-binary,"Math, String, Bit Manipulation, Simulation"
MEDIUM,Remove Nth Node From End of List,54.0,0.4896103765491196,https://leetcode.com/problems/remove-nth-node-from-end-of-list,"Linked List, Two Pointers"
MEDIUM,Letter Combinations of a Phone Number,54.0,0.6385756647080152,https://leetcode.com/problems/letter-combinations-of-a-phone-number,"Hash Table, String, Backtracking"
HARD,Largest Rectangle in Histogram,54.0,0.4737765317407914,https://leetcode.com/problems/largest-rectangle-in-histogram,"Array, Stack, Monotonic Stack"
MEDIUM,Next Permutation,52.7,0.4305772664998175,https://leetcode.com/problems/next-permutation,"Array, Two Pointers"
HARD,Regular Expression Matching,52.7,0.29280131010169236,https://leetcode.com/problems/regular-expression-matching,"String, Dynamic Programming, Recursion"
MEDIUM,Insert Interval,49.7,0.43473628714178475,https://leetcode.com/problems/insert-interval,Array
MEDIUM,Permutations,49.7,0.8066011364163758,https://leetcode.com/problems/permutations,"Array, Backtracking"
MEDIUM,Jump Game,49.7,0.39479197867291327,https://leetcode.com/problems/jump-game,"Array, Dynamic Programming, Greedy"
EASY,Symmetric Tree,48.0,0.5927867908424697,https://leetcode.com/problems/symmetric-tree,"Tree, Depth-First Search, Breadth-First Search, Binary Tree"
MEDIUM,Sort Colors,48.0,0.6758312948649591,https://leetcode.com/problems/sort-colors,"Array, Two Pointers, Sorting"
MEDIUM,Combination Sum,48.0,0.7467468656021409,https://leetcode.com/problems/combination-sum,"Array, Backtracking"
MEDIUM,4Sum,48.0,0.38219020113793045,https://leetcode.com/problems/4sum,"Array, Two Pointers, Sorting"
EASY,Find the Index of the First Occurrence in a String,48.0,0.449716000865219,https://leetcode.com/problems/find-the-index-of-the-first-occurrence-in-a-string,"Two Pointers, String, String Matching"
MEDIUM,Find First and Last Position of Element in Sorted Array,46.2,0.4682874104872264,https://leetcode.com/problems/find-first-and-last-position-of-element-in-sorted-array,"Array, Binary Search"
MEDIUM,Interleaving String,46.2,0.4217918033968859,https://leetcode.com/problems/interleaving-string,"String, Dynamic Programming"
MEDIUM,Validate Binary Search Tree,46.2,0.34380387886661157,https://leetcode.com/problems/validate-binary-search-tree,"Tree, Depth-First Search, Binary Search Tree, Binary Tree"
EASY,Plus One,46.2,0.47547621095134496,https://leetcode.com/problems/plus-one,"Array, Math"
HARD,First Missing Positive,46.2,0.4108465766394882,https://leetcode.com/problems/first-missing-positive,"Array, Hash Table"
MEDIUM,Jump Game II,46.2,0.4150331235291809,https://leetcode.com/problems/jump-game-ii,"Array, Dynamic Programming, Greedy"
MEDIUM,"Pow(x, n)",46.2,0.3702318641045828,https://leetcode.com/problems/powx-n,"Math, Recursion"
MEDIUM,Reverse Linked List II,44.2,0.49591736647057,https://leetcode.com/problems/reverse-linked-list-ii,Linked List
HARD,Wildcard Matching,44.2,0.2989833857244126,https://leetcode.com/problems/wildcard-matching,"String, Dynamic Programming, Greedy, Recursion"
EASY,Binary Tree Inorder Traversal,44.2,0.7858399541084903,https://leetcode.com/problems/binary-tree-inorder-traversal,"Stack, Tree, Depth-First Search, Binary Tree"
MEDIUM,Divide Two Integers,44.2,0.18396975085033054,https://leetcode.com/problems/divide-two-integers,"Math, Bit Manipulation"
MEDIUM,Count and Say,41.9,0.6050656775612677,https://leetcode.com/problems/count-and-say,String
MEDIUM,String to Integer (atoi),41.9,0.1922942164534482,https://leetcode.com/problems/string-to-integer-atoi,String
MEDIUM,Word Search,41.9,0.45266926269047814,https://leetcode.com/problems/word-search,"Array, String, Backtracking, Depth-First Search, Matrix"
MEDIUM,Search a 2D Matrix,41.9,0.5228957258337302,https://leetcode.com/problems/search-a-2d-matrix,"Array, Binary Search, Matrix"
EASY,Balanced Binary Tree,41.9,0.5534204897752865,https://leetcode.com/problems/balanced-binary-tree,"Tree, Depth-First Search, Binary Tree"
MEDIUM,Swap Nodes in Pairs,39.3,0.6720136828647639,https://leetcode.com/problems/swap-nodes-in-pairs,"Linked List, Recursion"
MEDIUM,Simplify Path,39.3,0.4785432317744196,https://leetcode.com/problems/simplify-path,"String, Stack"
MEDIUM,Set Matrix Zeroes,39.3,0.6070884347201074,https://leetcode.com/problems/set-matrix-zeroes,"Array, Hash Table, Matrix"
HARD,Minimum Window Substring,39.3,0.45350747638232236,https://leetcode.com/problems/minimum-window-substring,"Hash Table, String, Sliding Window"
EASY,Maximum Depth of Binary Tree,39.3,0.7713813958630182,https://leetcode.com/problems/maximum-depth-of-binary-tree,"Tree, Depth-First Search, Breadth-First Search, Binary Tree"
MEDIUM,Subsets,39.3,0.808795565390318,https://leetcode.com/problems/subsets,"Array, Backtracking, Bit Manipulation"
HARD,N-Queens,39.3,0.7281704967757537,https://leetcode.com/problems/n-queens,"Array, Backtracking"
EASY,Remove Duplicates from Sorted List,39.3,0.5487080353115535,https://leetcode.com/problems/remove-duplicates-from-sorted-list,Linked List
MEDIUM,Zigzag Conversion,36.4,0.5160676713980508,https://leetcode.com/problems/zigzag-conversion,String
MEDIUM,Integer to Roman,36.4,0.6861928580376627,https://leetcode.com/problems/integer-to-roman,"Hash Table, Math, String"
MEDIUM,Minimum Path Sum,36.4,0.664814934885504,https://leetcode.com/problems/minimum-path-sum,"Array, Dynamic Programming, Matrix"
MEDIUM,Binary Tree Level Order Traversal,36.4,0.7059658947038693,https://leetcode.com/problems/binary-tree-level-order-traversal,"Tree, Breadth-First Search, Binary Tree"
MEDIUM,Rotate List,36.4,0.3994476047394924,https://leetcode.com/problems/rotate-list,"Linked List, Two Pointers"
MEDIUM,Decode Ways,36.4,0.36530991972040927,https://leetcode.com/problems/decode-ways,"String, Dynamic Programming"
EASY,Convert Sorted Array to Binary Search Tree,32.9,0.7407934506434607,https://leetcode.com/problems/convert-sorted-array-to-binary-search-tree,"Array, Divide and Conquer, Tree, Binary Search Tree, Binary Tree"
MEDIUM,Partition List,32.9,0.5898677373641946,https://leetcode.com/problems/partition-list,"Linked List, Two Pointers"
MEDIUM,Combinations,32.9,0.7289648238875795,https://leetcode.com/problems/combinations,Backtracking
HARD,Text Justification,32.9,0.48149935664104093,https://leetcode.com/problems/text-justification,"Array, String, Simulation"
HARD,Reverse Nodes in k-Group,32.9,0.6304374335039493,https://leetcode.com/problems/reverse-nodes-in-k-group,"Linked List, Recursion"
HARD,Sudoku Solver,28.8,0.6390866531877745,https://leetcode.com/problems/sudoku-solver,"Array, Hash Table, Backtracking, Matrix"
EASY,Length of Last Word,28.8,0.5631926999044908,https://leetcode.com/problems/length-of-last-word,String
MEDIUM,Unique Binary Search Trees II,28.8,0.6039807221122715,https://leetcode.com/problems/unique-binary-search-trees-ii,"Dynamic Programming, Backtracking, Tree, Binary Search Tree, Binary Tree"
MEDIUM,Remove Duplicates from Sorted List II,28.8,0.4989080936318432,https://leetcode.com/problems/remove-duplicates-from-sorted-list-ii,"Linked List, Two Pointers"
HARD,Maximal Rectangle,23.6,0.5370845822665518,https://leetcode.com/problems/maximal-rectangle,"Array, Dynamic Programming, Stack, Matrix, Monotonic Stack"
HARD,Substring with Concatenation of All Words,23.6,0.32997499702748073,https://leetcode.com/problems/substring-with-concatenation-of-all-words,"Hash Table, String, Sliding Window"
MEDIUM,Construct Binary Tree from Preorder and Inorder Traversal,23.6,0.6683774773521286,https://leetcode.com/problems/construct-binary-tree-from-preorder-and-inorder-traversal,"Array, Hash Table, Divide and Conquer, Tree, Binary Tree"
MEDIUM,Unique Paths,23.6,0.6577285437608488,https://leetcode.com/problems/unique-paths,"Math, Dynamic Programming, Combinatorics"
MEDIUM,Triangle,23.6,0.592942154897156,https://leetcode.com/problems/triangle,"Array, Dynamic Programming"
MEDIUM,3Sum Closest,23.6,0.468869600214817,https://leetcode.com/problems/3sum-closest,"Array, Two Pointers, Sorting"
MEDIUM,Edit Distance,23.6,0.5878976197609908,https://leetcode.com/problems/edit-distance,"String, Dynamic Programming"
MEDIUM,Restore IP Addresses,23.6,0.531583393083398,https://leetcode.com/problems/restore-ip-addresses,"String, Backtracking"
MEDIUM,Multiply Strings,23.6,0.4228941429852704,https://leetcode.com/problems/multiply-strings,"Math, String, Simulation"
EASY,Same Tree,16.7,0.6512686619125213,https://leetcode.com/problems/same-tree,"Tree, Depth-First Search, Breadth-First Search, Binary Tree"
HARD,Valid Number,16.7,0.21563512503115395,https://leetcode.com/problems/valid-number,String
MEDIUM,Unique Binary Search Trees,16.7,0.6244520536210353,https://leetcode.com/problems/unique-binary-search-trees,"Math, Dynamic Programming, Tree, Binary Search Tree, Binary Tree"
MEDIUM,Remove Duplicates from Sorted Array II,16.7,0.6290185479131098,https://leetcode.com/problems/remove-duplicates-from-sorted-array-ii,"Array, Two Pointers"
MEDIUM,Flatten Binary Tree to Linked List,16.7,0.6851010744073592,https://leetcode.com/problems/flatten-binary-tree-to-linked-list,"Linked List, Stack, Tree, Depth-First Search, Binary Tree"
MEDIUM,Populating Next Right Pointers in Each Node,16.7,0.6544147769490073,https://leetcode.com/problems/populating-next-right-pointers-in-each-node,"Linked List, Tree, Depth-First Search, Breadth-First Search, Binary Tree"
MEDIUM,Search in Rotated Sorted Array II,16.7,0.3887965146188378,https://leetcode.com/problems/search-in-rotated-sorted-array-ii,"Array, Binary Search"
MEDIUM,Recover Binary Search Tree,16.7,0.5632431226781013,https://leetcode.com/problems/recover-binary-search-tree,"Tree, Depth-First Search, Binary Search Tree, Binary Tree"
