Difficulty,Title,Frequency,Acceptance Rate,Link,Topics
MEDIUM,Spiral Matrix,100.0,0.539398836789508,https://leetcode.com/problems/spiral-matrix,"Array, Matrix, Simulation"
MEDIUM,Rotate Image,100.0,0.7790173789665304,https://leetcode.com/problems/rotate-image,"Array, Math, Matrix"
EASY,Number of 1 Bits,88.0,0.7450480575885099,https://leetcode.com/problems/number-of-1-bits,"Divide and Conquer, Bit Manipulation"
EASY,Climbing Stairs,88.0,0.535407976724555,https://leetcode.com/problems/climbing-stairs,"Math, Dynamic Programming, Memoization"
EASY,Two Sum,88.0,0.5577702651795842,https://leetcode.com/problems/two-sum,"Array, Hash Table"
MEDIUM,Longest Substring Without Repeating Characters,88.0,0.36936144977400187,https://leetcode.com/problems/longest-substring-without-repeating-characters,"Hash Table, String, Sliding Window"
MEDIUM,3Sum,88.0,0.3707108091763312,https://leetcode.com/problems/3sum,"Array, Two Pointers, Sorting"
MEDIUM,Kth Largest Element in an Array,88.0,0.6797703802112421,https://leetcode.com/problems/kth-largest-element-in-an-array,"Array, Divide and Conquer, Sorting, Heap (Priority Queue), Quickselect"
