Difficulty,Title,Frequency,Acceptance Rate,Link,Topics
HARD,Text Justification,100.0,0.48149935664104093,https://leetcode.com/problems/text-justification,"Array, String, Simulation"
HARD,Palindrome Pairs,94.5,0.3624370777346535,https://leetcode.com/problems/palindrome-pairs,"Array, Hash Table, String, Trie"
HARD,Maximum Profit in Job Scheduling,94.5,0.5441735043380527,https://leetcode.com/problems/maximum-profit-in-job-scheduling,"Array, Binary Search, Dynamic Programming, Sorting"
MEDIUM,Flatten 2D Vector,89.9,0.5013489435679918,https://leetcode.com/problems/flatten-2d-vector,"Array, Two Pointers, Design, Iterator"
MEDIUM,Combination Sum,87.2,0.7467468656021409,https://leetcode.com/problems/combination-sum,"Array, Backtracking"
MEDIUM,Smallest Common Region,84.1,0.679230513317286,https://leetcode.com/problems/smallest-common-region,"Array, Hash Table, String, Tree, Depth-First Search, Breadth-First Search"
MEDIUM,Pour Water,82.9,0.47890661504572457,https://leetcode.com/problems/pour-water,"Array, Simulation"
MEDIUM,Cheapest Flights Within K Stops,80.4,0.4039897286127686,https://leetcode.com/problems/cheapest-flights-within-k-stops,"Dynamic Programming, Depth-First Search, Breadth-First Search, Graph, Heap (Priority Queue), Shortest Path"
HARD,Trapping Rain Water,80.4,0.6510194684590559,https://leetcode.com/problems/trapping-rain-water,"Array, Two Pointers, Dynamic Programming, Stack, Monotonic Stack"
HARD,Alien Dictionary,80.4,0.3667370231009105,https://leetcode.com/problems/alien-dictionary,"Array, String, Depth-First Search, Breadth-First Search, Graph, Topological Sort"
HARD,Sliding Puzzle,79.0,0.7313248932064185,https://leetcode.com/problems/sliding-puzzle,"Array, Dynamic Programming, Backtracking, Breadth-First Search, Memoization, Matrix"
MEDIUM,Simple Bank System,74.3,0.6142935665806328,https://leetcode.com/problems/simple-bank-system,"Array, Hash Table, Design, Simulation"
HARD,Shortest Path to Get All Keys,74.3,0.537030042053839,https://leetcode.com/problems/shortest-path-to-get-all-keys,"Array, Bit Manipulation, Breadth-First Search, Matrix"
HARD,Minimum Window Substring,74.3,0.45350701011329586,https://leetcode.com/problems/minimum-window-substring,"Hash Table, String, Sliding Window"
HARD,Employee Free Time,74.3,0.7259759595862569,https://leetcode.com/problems/employee-free-time,"Array, Line Sweep, Sorting, Heap (Priority Queue)"
MEDIUM,Add Two Numbers,72.4,0.4622508143957371,https://leetcode.com/problems/add-two-numbers,"Linked List, Math, Recursion"
HARD,Word Search II,72.4,0.3732633211647155,https://leetcode.com/problems/word-search-ii,"Array, String, Backtracking, Trie, Matrix"
HARD,Maximum Candies You Can Get from Boxes,72.4,0.6877100758915674,https://leetcode.com/problems/maximum-candies-you-can-get-from-boxes,"Array, Breadth-First Search, Graph"
MEDIUM,Basic Calculator II,72.4,0.4581138691872612,https://leetcode.com/problems/basic-calculator-ii,"Math, String, Stack"
EASY,Contains Duplicate II,72.4,0.4904986450077176,https://leetcode.com/problems/contains-duplicate-ii,"Array, Hash Table, Sliding Window"
EASY,Two Sum,72.4,0.5577699372797245,https://leetcode.com/problems/two-sum,"Array, Hash Table"
EASY,Intersection of Two Linked Lists,72.4,0.6112536319835228,https://leetcode.com/problems/intersection-of-two-linked-lists,"Hash Table, Linked List, Two Pointers"
EASY,Contains Duplicate,70.4,0.6323635688111491,https://leetcode.com/problems/contains-duplicate,"Array, Hash Table, Sorting"
MEDIUM,Mini Parser,70.4,0.40213967163699704,https://leetcode.com/problems/mini-parser,"String, Stack, Depth-First Search"
HARD,Regular Expression Matching,70.4,0.29280116328628375,https://leetcode.com/problems/regular-expression-matching,"String, Dynamic Programming, Recursion"
EASY,Valid Parentheses,70.4,0.42322829911519266,https://leetcode.com/problems/valid-parentheses,"String, Stack"
MEDIUM,Pyramid Transition Matrix,70.4,0.5291127410721871,https://leetcode.com/problems/pyramid-transition-matrix,"Bit Manipulation, Depth-First Search, Breadth-First Search"
HARD,Merge k Sorted Lists,70.4,0.5677420052593406,https://leetcode.com/problems/merge-k-sorted-lists,"Linked List, Divide and Conquer, Heap (Priority Queue), Merge Sort"
MEDIUM,IP to CIDR,70.4,0.5492354970683057,https://leetcode.com/problems/ip-to-cidr,"String, Bit Manipulation"
MEDIUM,Strings Differ by One Character,70.4,0.41068439650362654,https://leetcode.com/problems/strings-differ-by-one-character,"Hash Table, String, Rolling Hash, Hash Function"
MEDIUM,Minimum Number of Vertices to Reach All Nodes,70.4,0.8115726945174798,https://leetcode.com/problems/minimum-number-of-vertices-to-reach-all-nodes,Graph
MEDIUM,Robot Bounded In Circle,70.4,0.5622965278408281,https://leetcode.com/problems/robot-bounded-in-circle,"Math, String, Simulation"
EASY,Add Strings,70.4,0.5190382397212994,https://leetcode.com/problems/add-strings,"Math, String, Simulation"
MEDIUM,Minimize Rounding Error to Meet Target,70.4,0.45439788115682,https://leetcode.com/problems/minimize-rounding-error-to-meet-target,"Array, Math, String, Greedy, Sorting"
HARD,Minimum Number of Flips to Convert Binary Matrix to Zero Matrix,70.4,0.7195955875149401,https://leetcode.com/problems/minimum-number-of-flips-to-convert-binary-matrix-to-zero-matrix,"Array, Hash Table, Bit Manipulation, Breadth-First Search, Matrix"
MEDIUM,Number of Ways to Build House of Cards,70.4,0.6217366080061884,https://leetcode.com/problems/number-of-ways-to-build-house-of-cards,"Math, Dynamic Programming"
EASY,Happy Number,70.4,0.5807264413215366,https://leetcode.com/problems/happy-number,"Hash Table, Math, Two Pointers"
MEDIUM,Convert to Base -2,70.4,0.6126841577912198,https://leetcode.com/problems/convert-to-base-2,Math
MEDIUM,Design File System,70.4,0.6413755041392486,https://leetcode.com/problems/design-file-system,"Hash Table, String, Design, Trie"
EASY,Convert Sorted Array to Binary Search Tree,70.4,0.7407934506434607,https://leetcode.com/problems/convert-sorted-array-to-binary-search-tree,"Array, Divide and Conquer, Tree, Binary Search Tree, Binary Tree"
EASY,Single Number,70.4,0.759688387220078,https://leetcode.com/problems/single-number,"Array, Bit Manipulation"
EASY,Reverse Bits,70.4,0.6320549868777902,https://leetcode.com/problems/reverse-bits,"Divide and Conquer, Bit Manipulation"
MEDIUM,House Robber,70.4,0.5230497402554785,https://leetcode.com/problems/house-robber,"Array, Dynamic Programming"
HARD,Contains Duplicate III,70.4,0.2363329730162543,https://leetcode.com/problems/contains-duplicate-iii,"Array, Sliding Window, Sorting, Bucket Sort, Ordered Set"
MEDIUM,Maximal Square,70.4,0.4876133314788993,https://leetcode.com/problems/maximal-square,"Array, Dynamic Programming, Matrix"
MEDIUM,Design Tic-Tac-Toe,59.5,0.5860139660881724,https://leetcode.com/problems/design-tic-tac-toe,"Array, Hash Table, Design, Matrix, Simulation"
MEDIUM,Subarray Product Less Than K,55.6,0.5285345535980827,https://leetcode.com/problems/subarray-product-less-than-k,"Array, Binary Search, Sliding Window, Prefix Sum"
MEDIUM,Shortest Uncommon Substring in an Array,55.6,0.482141410869037,https://leetcode.com/problems/shortest-uncommon-substring-in-an-array,"Array, Hash Table, String, Trie"
HARD,Design Excel Sum Formula,50.8,0.42568163292465855,https://leetcode.com/problems/design-excel-sum-formula,"Array, Hash Table, String, Graph, Design, Topological Sort, Matrix"
HARD,All O`one Data Structure,44.8,0.44134779761452186,https://leetcode.com/problems/all-oone-data-structure,"Hash Table, Linked List, Design, Doubly-Linked List"
MEDIUM,Merge Intervals,36.3,0.4939526057316443,https://leetcode.com/problems/merge-intervals,"Array, Sorting"
MEDIUM,Time Based Key-Value Store,36.3,0.4936626151018991,https://leetcode.com/problems/time-based-key-value-store,"Hash Table, String, Binary Search, Design"
MEDIUM,Shortest Path in Binary Matrix,36.3,0.49788745758374003,https://leetcode.com/problems/shortest-path-in-binary-matrix,"Array, Breadth-First Search, Matrix"
HARD,Making A Large Island,36.3,0.5489039898916876,https://leetcode.com/problems/making-a-large-island,"Array, Depth-First Search, Breadth-First Search, Union Find, Matrix"
MEDIUM,Flatten Nested List Iterator,36.3,0.6522839525510098,https://leetcode.com/problems/flatten-nested-list-iterator,"Stack, Tree, Depth-First Search, Design, Queue, Iterator"
MEDIUM,Fraction to Recurring Decimal,36.3,0.2622353839768554,https://leetcode.com/problems/fraction-to-recurring-decimal,"Hash Table, Math, String"
EASY,Can Place Flowers,36.3,0.2889923936767658,https://leetcode.com/problems/can-place-flowers,"Array, Greedy"
MEDIUM,Coin Change,36.3,0.4649545396006711,https://leetcode.com/problems/coin-change,"Array, Dynamic Programming, Breadth-First Search"
