Difficulty,Title,Frequency,Acceptance Rate,Link,Topics
EASY,Maximum Number of Pairs in Array,100.0,0.755399434671643,https://leetcode.com/problems/maximum-number-of-pairs-in-array,"Array, Hash Table, Counting"
EASY,Two Sum,80.4,0.5577709811356623,https://leetcode.com/problems/two-sum,"Array, Hash Table"
MEDIUM,3Sum,74.3,0.37071264823321115,https://leetcode.com/problems/3sum,"Array, Two Pointers, Sorting"
MEDIUM,Design a Food Rating System,65.6,0.4491788770279475,https://leetcode.com/problems/design-a-food-rating-system,"Array, Hash Table, String, Design, Heap (Priority Queue), Ordered Set"
