Difficulty,Title,Frequency,Acceptance Rate,Link,Topics
EASY,Two Sum,100.0,0.557769945892896,https://leetcode.com/problems/two-sum,"Array, Hash Table"
MEDIUM,Number of Islands,94.8,0.6231993420626465,https://leetcode.com/problems/number-of-islands,"Array, Depth-First Search, Breadth-First Search, Union Find, Matrix"
MEDIUM,Longest Substring Without Repeating Characters,86.6,0.3693616884072647,https://leetcode.com/problems/longest-substring-without-repeating-characters,"Hash Table, String, Sliding Window"
EASY,Valid Parentheses,83.1,0.4232281773022761,https://leetcode.com/problems/valid-parentheses,"String, Stack"
MEDIUM,Flatten a Multilevel Doubly Linked List,81.1,0.6131216910613428,https://leetcode.com/problems/flatten-a-multilevel-doubly-linked-list,"Linked List, Depth-First Search, Doubly-Linked List"
MEDIUM,Word Search,81.1,0.45266926269047814,https://leetcode.com/problems/word-search,"Array, String, Backtracking, Depth-First Search, Matrix"
MEDIUM,Decode String,79.0,0.6115249906697672,https://leetcode.com/problems/decode-string,"String, Stack, Recursion"
MEDIUM,Merge Intervals,74.1,0.4939526774846352,https://leetcode.com/problems/merge-intervals,"Array, Sorting"
EASY,Valid Anagram,74.1,0.6666089667345674,https://leetcode.com/problems/valid-anagram,"Hash Table, String, Sorting"
MEDIUM,Add Two Numbers,71.3,0.4622507658063209,https://leetcode.com/problems/add-two-numbers,"Linked List, Math, Recursion"
MEDIUM,Subsets,68.0,0.808795565390318,https://leetcode.com/problems/subsets,"Array, Backtracking, Bit Manipulation"
MEDIUM,Gas Station,68.0,0.46383617781658143,https://leetcode.com/problems/gas-station,"Array, Greedy"
MEDIUM,4Sum,68.0,0.38219020113793045,https://leetcode.com/problems/4sum,"Array, Two Pointers, Sorting"
MEDIUM,Next Permutation,68.0,0.4305773671839413,https://leetcode.com/problems/next-permutation,"Array, Two Pointers"
MEDIUM,Insert Delete GetRandom O(1),68.0,0.549918579117808,https://leetcode.com/problems/insert-delete-getrandom-o1,"Array, Hash Table, Math, Design, Randomized"
EASY,Contains Duplicate,68.0,0.6323636777340309,https://leetcode.com/problems/contains-duplicate,"Array, Hash Table, Sorting"
HARD,Median of Two Sorted Arrays,68.0,0.4381459000864632,https://leetcode.com/problems/median-of-two-sorted-arrays,"Array, Binary Search, Divide and Conquer"
HARD,Trapping Rain Water,68.0,0.6510193676088248,https://leetcode.com/problems/trapping-rain-water,"Array, Two Pointers, Dynamic Programming, Stack, Monotonic Stack"
EASY,Merge Sorted Array,68.0,0.5291951450619177,https://leetcode.com/problems/merge-sorted-array,"Array, Two Pointers, Sorting"
EASY,Best Time to Buy and Sell Stock,68.0,0.5525965396561395,https://leetcode.com/problems/best-time-to-buy-and-sell-stock,"Array, Dynamic Programming"
MEDIUM,LRU Cache,64.3,0.45214558519032444,https://leetcode.com/problems/lru-cache,"Hash Table, Linked List, Design, Doubly-Linked List"
MEDIUM,Subarray Sum Equals K,64.3,0.4547621523795086,https://leetcode.com/problems/subarray-sum-equals-k,"Array, Hash Table, Prefix Sum"
MEDIUM,Design A Leaderboard,64.3,0.6796263446547431,https://leetcode.com/problems/design-a-leaderboard,"Hash Table, Design, Sorting"
MEDIUM,Minimum Remove to Make Valid Parentheses,64.3,0.7074654274676669,https://leetcode.com/problems/minimum-remove-to-make-valid-parentheses,"String, Stack"
EASY,Majority Element,64.3,0.6574028018936169,https://leetcode.com/problems/majority-element,"Array, Hash Table, Divide and Conquer, Sorting, Counting"
MEDIUM,Invalid Transactions,64.3,0.3127080304862309,https://leetcode.com/problems/invalid-transactions,"Array, Hash Table, String, Sorting"
MEDIUM,Maximum Subarray,59.9,0.5209978267392302,https://leetcode.com/problems/maximum-subarray,"Array, Divide and Conquer, Dynamic Programming"
MEDIUM,Longest Repeating Character Replacement,59.9,0.5721171000443614,https://leetcode.com/problems/longest-repeating-character-replacement,"Hash Table, String, Sliding Window"
EASY,Merge Two Sorted Lists,59.9,0.6684091757223755,https://leetcode.com/problems/merge-two-sorted-lists,"Linked List, Recursion"
MEDIUM,Group Anagrams,59.9,0.7092881706911216,https://leetcode.com/problems/group-anagrams,"Array, Hash Table, String, Sorting"
MEDIUM,Jump Game,59.9,0.39479197867291327,https://leetcode.com/problems/jump-game,"Array, Dynamic Programming, Greedy"
EASY,Longest Common Prefix,59.9,0.4548305595040032,https://leetcode.com/problems/longest-common-prefix,"String, Trie"
MEDIUM,Longest Palindromic Substring,59.9,0.35846111456358737,https://leetcode.com/problems/longest-palindromic-substring,"Two Pointers, String, Dynamic Programming"
MEDIUM,Generate Parentheses,59.9,0.7713286717803378,https://leetcode.com/problems/generate-parentheses,"String, Dynamic Programming, Backtracking"
MEDIUM,Find Peak Element,59.9,0.46509224260700627,https://leetcode.com/problems/find-peak-element,"Array, Binary Search"
MEDIUM,Find First and Last Position of Element in Sorted Array,59.9,0.4682873183580639,https://leetcode.com/problems/find-first-and-last-position-of-element-in-sorted-array,"Array, Binary Search"
EASY,Next Greater Element I,54.5,0.7451247376157817,https://leetcode.com/problems/next-greater-element-i,"Array, Hash Table, Stack, Monotonic Stack"
EASY,Add Binary,54.5,0.5567701348180015,https://leetcode.com/problems/add-binary,"Math, String, Bit Manipulation, Simulation"
MEDIUM,Min Stack,54.5,0.5644511305593138,https://leetcode.com/problems/min-stack,"Stack, Design"
MEDIUM,Sum of Two Integers,54.5,0.5368178687075236,https://leetcode.com/problems/sum-of-two-integers,"Math, Bit Manipulation"
MEDIUM,Valid Triangle Number,54.5,0.5234449388412803,https://leetcode.com/problems/valid-triangle-number,"Array, Two Pointers, Binary Search, Greedy, Sorting"
MEDIUM,Reverse Integer,54.5,0.3030891979001635,https://leetcode.com/problems/reverse-integer,Math
MEDIUM,Two City Scheduling,54.5,0.6769210516989099,https://leetcode.com/problems/two-city-scheduling,"Array, Greedy, Sorting"
MEDIUM,Longest Consecutive Sequence,54.5,0.47040837635488375,https://leetcode.com/problems/longest-consecutive-sequence,"Array, Hash Table, Union Find"
MEDIUM,Set Matrix Zeroes,54.5,0.6070880933688526,https://leetcode.com/problems/set-matrix-zeroes,"Array, Hash Table, Matrix"
EASY,Roman to Integer,54.5,0.6486626948713667,https://leetcode.com/problems/roman-to-integer,"Hash Table, Math, String"
MEDIUM,Meeting Rooms II,54.5,0.521416981510797,https://leetcode.com/problems/meeting-rooms-ii,"Array, Two Pointers, Greedy, Sorting, Heap (Priority Queue), Prefix Sum"
MEDIUM,Binary Tree Level Order Traversal,54.5,0.7059658947038693,https://leetcode.com/problems/binary-tree-level-order-traversal,"Tree, Breadth-First Search, Binary Tree"
HARD,Candy,47.6,0.4669970474860381,https://leetcode.com/problems/candy,"Array, Greedy"
HARD,Find in Mountain Array,47.6,0.4048309641569764,https://leetcode.com/problems/find-in-mountain-array,"Array, Binary Search, Interactive"
EASY,Palindrome Linked List,47.6,0.558594499890269,https://leetcode.com/problems/palindrome-linked-list,"Linked List, Two Pointers, Stack, Recursion"
HARD,Longest Valid Parentheses,47.6,0.3631311456770452,https://leetcode.com/problems/longest-valid-parentheses,"String, Dynamic Programming, Stack"
HARD,Split Array Largest Sum,47.6,0.580995560819648,https://leetcode.com/problems/split-array-largest-sum,"Array, Binary Search, Dynamic Programming, Greedy, Prefix Sum"
EASY,Add Digits,47.6,0.6791255381121745,https://leetcode.com/problems/add-digits,"Math, Simulation, Number Theory"
MEDIUM,Search a 2D Matrix,47.6,0.5228957258337302,https://leetcode.com/problems/search-a-2d-matrix,"Array, Binary Search, Matrix"
MEDIUM,Count Subarrays Where Max Element Appears at Least K Times,47.6,0.6250009586845314,https://leetcode.com/problems/count-subarrays-where-max-element-appears-at-least-k-times,"Array, Sliding Window"
EASY,Isomorphic Strings,47.6,0.4685795790862557,https://leetcode.com/problems/isomorphic-strings,"Hash Table, String"
MEDIUM,Sum of Subarray Minimums,47.6,0.3762351166424223,https://leetcode.com/problems/sum-of-subarray-minimums,"Array, Dynamic Programming, Stack, Monotonic Stack"
EASY,Plus One,47.6,0.47547621095134496,https://leetcode.com/problems/plus-one,"Array, Math"
MEDIUM,All Paths From Source to Target,47.6,0.8312447332675658,https://leetcode.com/problems/all-paths-from-source-to-target,"Backtracking, Depth-First Search, Breadth-First Search, Graph"
EASY,Number of Recent Calls,47.6,0.7732793446019116,https://leetcode.com/problems/number-of-recent-calls,"Design, Queue, Data Stream"
MEDIUM,3Sum,47.6,0.37070947304965995,https://leetcode.com/problems/3sum,"Array, Two Pointers, Sorting"
EASY,Remove Duplicates from Sorted Array,47.6,0.6035551112882038,https://leetcode.com/problems/remove-duplicates-from-sorted-array,"Array, Two Pointers"
MEDIUM,Design Underground System,47.6,0.7402814844281105,https://leetcode.com/problems/design-underground-system,"Hash Table, String, Design"
EASY,Create Hello World Function,47.6,0.8212977812647828,https://leetcode.com/problems/create-hello-world-function,
MEDIUM,Search in Rotated Sorted Array,47.6,0.4283722138743466,https://leetcode.com/problems/search-in-rotated-sorted-array,"Array, Binary Search"
HARD,Word Break II,47.6,0.5364536357075469,https://leetcode.com/problems/word-break-ii,"Array, Hash Table, String, Dynamic Programming, Backtracking, Trie, Memoization"
EASY,Reverse Linked List,47.6,0.7920654119580827,https://leetcode.com/problems/reverse-linked-list,"Linked List, Recursion"
MEDIUM,String to Integer (atoi),47.6,0.19229423495277723,https://leetcode.com/problems/string-to-integer-atoi,String
EASY,Check if Array Is Sorted and Rotated,47.6,0.5507495223867797,https://leetcode.com/problems/check-if-array-is-sorted-and-rotated,Array
EASY,Remove Element,47.6,0.600316358048653,https://leetcode.com/problems/remove-element,"Array, Two Pointers"
MEDIUM,Minimum Size Subarray Sum,47.6,0.4939108177647309,https://leetcode.com/problems/minimum-size-subarray-sum,"Array, Binary Search, Sliding Window, Prefix Sum"
EASY,Valid Palindrome,47.6,0.5096357249551178,https://leetcode.com/problems/valid-palindrome,"Two Pointers, String"
MEDIUM,Product of Array Except Self,47.6,0.6777994606301018,https://leetcode.com/problems/product-of-array-except-self,"Array, Prefix Sum"
EASY,Count Good Triplets,38.0,0.8548305888883868,https://leetcode.com/problems/count-good-triplets,"Array, Enumeration"
EASY,Palindrome Number,38.0,0.5922454317957505,https://leetcode.com/problems/palindrome-number,Math
MEDIUM,Spiral Matrix,38.0,0.5393973501075863,https://leetcode.com/problems/spiral-matrix,"Array, Matrix, Simulation"
MEDIUM,Unique Paths,38.0,0.6577283527258664,https://leetcode.com/problems/unique-paths,"Math, Dynamic Programming, Combinatorics"
EASY,Count Largest Group,38.0,0.7503976647031062,https://leetcode.com/problems/count-largest-group,"Hash Table, Math"
MEDIUM,Reverse Words in a String,38.0,0.5191326197169353,https://leetcode.com/problems/reverse-words-in-a-string,"Two Pointers, String"
MEDIUM,Evaluate Division,38.0,0.6314695091079937,https://leetcode.com/problems/evaluate-division,"Array, String, Depth-First Search, Breadth-First Search, Union Find, Graph, Shortest Path"
MEDIUM,Binary Tree Vertical Order Traversal,38.0,0.5714118828755629,https://leetcode.com/problems/binary-tree-vertical-order-traversal,"Hash Table, Tree, Depth-First Search, Breadth-First Search, Sorting, Binary Tree"
MEDIUM,Flatten Binary Tree to Linked List,38.0,0.6851010744073592,https://leetcode.com/problems/flatten-binary-tree-to-linked-list,"Linked List, Stack, Tree, Depth-First Search, Binary Tree"
EASY,Count Equal and Divisible Pairs in an Array,38.0,0.8408333300919137,https://leetcode.com/problems/count-equal-and-divisible-pairs-in-an-array,Array
EASY,Reverse String,38.0,0.7976436563508422,https://leetcode.com/problems/reverse-string,"Two Pointers, String"
MEDIUM,Top K Frequent Elements,38.0,0.6456596824026228,https://leetcode.com/problems/top-k-frequent-elements,"Array, Hash Table, Divide and Conquer, Sorting, Heap (Priority Queue), Bucket Sort, Counting, Quickselect"
MEDIUM,Rotate List,38.0,0.39944772716128085,https://leetcode.com/problems/rotate-list,"Linked List, Two Pointers"
EASY,Merge Strings Alternately,38.0,0.8222964639886224,https://leetcode.com/problems/merge-strings-alternately,"Two Pointers, String"
MEDIUM,Course Schedule II,38.0,0.5342350291611208,https://leetcode.com/problems/course-schedule-ii,"Depth-First Search, Breadth-First Search, Graph, Topological Sort"
MEDIUM,Heaters,38.0,0.39952991914941977,https://leetcode.com/problems/heaters,"Array, Two Pointers, Binary Search, Sorting"
MEDIUM,Count Unhappy Friends,38.0,0.6205294037914141,https://leetcode.com/problems/count-unhappy-friends,"Array, Simulation"
EASY,Climbing Stairs,38.0,0.5354071257240982,https://leetcode.com/problems/climbing-stairs,"Math, Dynamic Programming, Memoization"
EASY,Unique Number of Occurrences,38.0,0.7828341214980583,https://leetcode.com/problems/unique-number-of-occurrences,"Array, Hash Table"
MEDIUM,Partition Labels,38.0,0.8153346802689039,https://leetcode.com/problems/partition-labels,"Hash Table, Two Pointers, String, Greedy"
EASY,Remove Letter To Equalize Frequency,38.0,0.1820090792824141,https://leetcode.com/problems/remove-letter-to-equalize-frequency,"Hash Table, String, Counting"
MEDIUM,Coin Change,38.0,0.46495443407851283,https://leetcode.com/problems/coin-change,"Array, Dynamic Programming, Breadth-First Search"
MEDIUM,Check if Grid can be Cut into Sections,38.0,0.6837973859482197,https://leetcode.com/problems/check-if-grid-can-be-cut-into-sections,"Array, Sorting"
MEDIUM,Divide Two Integers,38.0,0.18396975085033054,https://leetcode.com/problems/divide-two-integers,"Math, Bit Manipulation"
EASY,Summary Ranges,38.0,0.5302484768932422,https://leetcode.com/problems/summary-ranges,Array
MEDIUM,Maximum Value of an Ordered Triplet II,38.0,0.5666629551274913,https://leetcode.com/problems/maximum-value-of-an-ordered-triplet-ii,Array
