Difficulty,Title,Frequency,Acceptance Rate,Link,Topics
EASY,Two Sum,100.0,0.557769945892896,https://leetcode.com/problems/two-sum,"Array, Hash Table"
MEDIUM,Add Two Numbers,84.9,0.4622507658063209,https://leetcode.com/problems/add-two-numbers,"Linked List, Math, Recursion"
MEDIUM,Merge Intervals,82.0,0.4939526774846352,https://leetcode.com/problems/merge-intervals,"Array, Sorting"
MEDIUM,Longest Substring Without Repeating Characters,81.2,0.3693616884072647,https://leetcode.com/problems/longest-substring-without-repeating-characters,"Hash Table, String, Sliding Window"
EASY,Valid Parentheses,80.7,0.42322821704746877,https://leetcode.com/problems/valid-parentheses,"String, Stack"
EASY,Merge Sorted Array,79.8,0.5291951450619177,https://leetcode.com/problems/merge-sorted-array,"Array, Two Pointers, Sorting"
MEDIUM,3Sum,78.6,0.3707095218721556,https://leetcode.com/problems/3sum,"Array, Two Pointers, Sorting"
HARD,Median of Two Sorted Arrays,78.0,0.4381459000864632,https://leetcode.com/problems/median-of-two-sorted-arrays,"Array, Binary Search, Divide and Conquer"
EASY,Palindrome Number,76.7,0.5922454691837191,https://leetcode.com/problems/palindrome-number,Math
HARD,Trapping Rain Water,76.4,0.6510192988277056,https://leetcode.com/problems/trapping-rain-water,"Array, Two Pointers, Dynamic Programming, Stack, Monotonic Stack"
EASY,Longest Common Prefix,75.3,0.4548305595040032,https://leetcode.com/problems/longest-common-prefix,"String, Trie"
MEDIUM,Longest Palindromic Substring,75.3,0.35846111456358737,https://leetcode.com/problems/longest-palindromic-substring,"Two Pointers, String, Dynamic Programming"
EASY,Remove Duplicates from Sorted Array,74.2,0.6035551112882038,https://leetcode.com/problems/remove-duplicates-from-sorted-array,"Array, Two Pointers"
MEDIUM,Maximum Subarray,73.4,0.5209978267392302,https://leetcode.com/problems/maximum-subarray,"Array, Divide and Conquer, Dynamic Programming"
EASY,Roman to Integer,71.3,0.6486626948713667,https://leetcode.com/problems/roman-to-integer,"Hash Table, Math, String"
MEDIUM,Reverse Integer,70.9,0.3030891979001635,https://leetcode.com/problems/reverse-integer,Math
MEDIUM,Container With Most Water,69.9,0.5778282574410597,https://leetcode.com/problems/container-with-most-water,"Array, Two Pointers, Greedy"
EASY,Merge Two Sorted Lists,69.5,0.6684091757223755,https://leetcode.com/problems/merge-two-sorted-lists,"Linked List, Recursion"
MEDIUM,Word Search,67.9,0.45266926269047814,https://leetcode.com/problems/word-search,"Array, String, Backtracking, Depth-First Search, Matrix"
MEDIUM,Search in Rotated Sorted Array,67.9,0.4283722138743466,https://leetcode.com/problems/search-in-rotated-sorted-array,"Array, Binary Search"
MEDIUM,Next Permutation,65.7,0.4305772664998175,https://leetcode.com/problems/next-permutation,"Array, Two Pointers"
MEDIUM,Validate Binary Search Tree,65.7,0.34380387886661157,https://leetcode.com/problems/validate-binary-search-tree,"Tree, Depth-First Search, Binary Search Tree, Binary Tree"
EASY,Climbing Stairs,65.1,0.5354071257240982,https://leetcode.com/problems/climbing-stairs,"Math, Dynamic Programming, Memoization"
MEDIUM,Generate Parentheses,65.1,0.7713286717803378,https://leetcode.com/problems/generate-parentheses,"String, Dynamic Programming, Backtracking"
MEDIUM,Rotate Image,65.1,0.7790164518819447,https://leetcode.com/problems/rotate-image,"Array, Math, Matrix"
MEDIUM,Subsets,63.9,0.808795565390318,https://leetcode.com/problems/subsets,"Array, Backtracking, Bit Manipulation"
MEDIUM,Group Anagrams,63.9,0.7092882244410338,https://leetcode.com/problems/group-anagrams,"Array, Hash Table, String, Sorting"
EASY,Remove Element,63.2,0.600316358048653,https://leetcode.com/problems/remove-element,"Array, Two Pointers"
MEDIUM,"Pow(x, n)",62.6,0.3702317602905621,https://leetcode.com/problems/powx-n,"Math, Recursion"
EASY,Find the Index of the First Occurrence in a String,61.1,0.449716000865219,https://leetcode.com/problems/find-the-index-of-the-first-occurrence-in-a-string,"Two Pointers, String, String Matching"
MEDIUM,Jump Game,61.1,0.39479197867291327,https://leetcode.com/problems/jump-game,"Array, Dynamic Programming, Greedy"
HARD,Merge k Sorted Lists,61.1,0.567741907864408,https://leetcode.com/problems/merge-k-sorted-lists,"Linked List, Divide and Conquer, Heap (Priority Queue), Merge Sort"
MEDIUM,Spiral Matrix,58.0,0.5393973501075863,https://leetcode.com/problems/spiral-matrix,"Array, Matrix, Simulation"
EASY,Sqrt(x),57.1,0.4037178718652037,https://leetcode.com/problems/sqrtx,"Math, Binary Search"
MEDIUM,Set Matrix Zeroes,56.1,0.6070883209364217,https://leetcode.com/problems/set-matrix-zeroes,"Array, Hash Table, Matrix"
MEDIUM,Permutations,54.2,0.8066011364163758,https://leetcode.com/problems/permutations,"Array, Backtracking"
EASY,Search Insert Position,54.2,0.4901241638473952,https://leetcode.com/problems/search-insert-position,"Array, Binary Search"
MEDIUM,Find First and Last Position of Element in Sorted Array,54.2,0.4682873183580639,https://leetcode.com/problems/find-first-and-last-position-of-element-in-sorted-array,"Array, Binary Search"
MEDIUM,Jump Game II,53.1,0.4150331235291809,https://leetcode.com/problems/jump-game-ii,"Array, Dynamic Programming, Greedy"
MEDIUM,Unique Paths,53.1,0.6577283527258664,https://leetcode.com/problems/unique-paths,"Math, Dynamic Programming, Combinatorics"
MEDIUM,Combination Sum,52.0,0.7467467920803577,https://leetcode.com/problems/combination-sum,"Array, Backtracking"
MEDIUM,Sort Colors,52.0,0.6758312948649591,https://leetcode.com/problems/sort-colors,"Array, Two Pointers, Sorting"
EASY,Remove Duplicates from Sorted List,52.0,0.5487080353115535,https://leetcode.com/problems/remove-duplicates-from-sorted-list,Linked List
EASY,Add Binary,50.8,0.5567701348180015,https://leetcode.com/problems/add-binary,"Math, String, Bit Manipulation, Simulation"
MEDIUM,Letter Combinations of a Phone Number,50.8,0.6385756647080152,https://leetcode.com/problems/letter-combinations-of-a-phone-number,"Hash Table, String, Backtracking"
MEDIUM,4Sum,50.8,0.38219020113793045,https://leetcode.com/problems/4sum,"Array, Two Pointers, Sorting"
MEDIUM,Search a 2D Matrix,50.8,0.5228957258337302,https://leetcode.com/problems/search-a-2d-matrix,"Array, Binary Search, Matrix"
MEDIUM,Zigzag Conversion,50.8,0.5160676713980508,https://leetcode.com/problems/zigzag-conversion,String
MEDIUM,Remove Duplicates from Sorted Array II,49.5,0.6290181029288465,https://leetcode.com/problems/remove-duplicates-from-sorted-array-ii,"Array, Two Pointers"
HARD,First Missing Positive,49.5,0.4108465766394882,https://leetcode.com/problems/first-missing-positive,"Array, Hash Table"
MEDIUM,Integer to Roman,48.1,0.6861931275088928,https://leetcode.com/problems/integer-to-roman,"Hash Table, Math, String"
HARD,Regular Expression Matching,48.1,0.29280131010169236,https://leetcode.com/problems/regular-expression-matching,"String, Dynamic Programming, Recursion"
MEDIUM,Binary Tree Level Order Traversal,48.1,0.7059658947038693,https://leetcode.com/problems/binary-tree-level-order-traversal,"Tree, Breadth-First Search, Binary Tree"
MEDIUM,Swap Nodes in Pairs,48.1,0.6720136828647639,https://leetcode.com/problems/swap-nodes-in-pairs,"Linked List, Recursion"
HARD,Reverse Nodes in k-Group,48.1,0.6304374335039493,https://leetcode.com/problems/reverse-nodes-in-k-group,"Linked List, Recursion"
EASY,Plus One,46.6,0.47547621095134496,https://leetcode.com/problems/plus-one,"Array, Math"
EASY,Maximum Depth of Binary Tree,46.6,0.7713813520613833,https://leetcode.com/problems/maximum-depth-of-binary-tree,"Tree, Depth-First Search, Breadth-First Search, Binary Tree"
MEDIUM,Valid Sudoku,46.6,0.6227675793740958,https://leetcode.com/problems/valid-sudoku,"Array, Hash Table, Matrix"
MEDIUM,Combination Sum II,46.6,0.5767453180420465,https://leetcode.com/problems/combination-sum-ii,"Array, Backtracking"
MEDIUM,3Sum Closest,46.6,0.468869600214817,https://leetcode.com/problems/3sum-closest,"Array, Two Pointers, Sorting"
MEDIUM,Remove Nth Node From End of List,46.6,0.48961030525634286,https://leetcode.com/problems/remove-nth-node-from-end-of-list,"Linked List, Two Pointers"
MEDIUM,String to Integer (atoi),45.1,0.19229423495277723,https://leetcode.com/problems/string-to-integer-atoi,String
MEDIUM,Rotate List,45.1,0.3994476047394924,https://leetcode.com/problems/rotate-list,"Linked List, Two Pointers"
HARD,Largest Rectangle in Histogram,45.1,0.4737765317407914,https://leetcode.com/problems/largest-rectangle-in-histogram,"Array, Stack, Monotonic Stack"
EASY,Length of Last Word,45.1,0.5631926999044908,https://leetcode.com/problems/length-of-last-word,String
MEDIUM,Construct Binary Tree from Preorder and Inorder Traversal,43.4,0.6683774773521286,https://leetcode.com/problems/construct-binary-tree-from-preorder-and-inorder-traversal,"Array, Hash Table, Divide and Conquer, Tree, Binary Tree"
MEDIUM,Subsets II,43.4,0.595072748658621,https://leetcode.com/problems/subsets-ii,"Array, Backtracking, Bit Manipulation"
HARD,Wildcard Matching,43.4,0.2989833857244126,https://leetcode.com/problems/wildcard-matching,"String, Dynamic Programming, Greedy, Recursion"
MEDIUM,Edit Distance,43.4,0.5878974125922288,https://leetcode.com/problems/edit-distance,"String, Dynamic Programming"
MEDIUM,Divide Two Integers,43.4,0.18396975085033054,https://leetcode.com/problems/divide-two-integers,"Math, Bit Manipulation"
HARD,Sudoku Solver,43.4,0.6390871778033164,https://leetcode.com/problems/sudoku-solver,"Array, Hash Table, Backtracking, Matrix"
HARD,N-Queens,41.5,0.7281704967757537,https://leetcode.com/problems/n-queens,"Array, Backtracking"
MEDIUM,Remove Duplicates from Sorted List II,41.5,0.4989080936318432,https://leetcode.com/problems/remove-duplicates-from-sorted-list-ii,"Linked List, Two Pointers"
MEDIUM,Binary Tree Zigzag Level Order Traversal,41.5,0.6168283891746636,https://leetcode.com/problems/binary-tree-zigzag-level-order-traversal,"Tree, Breadth-First Search, Binary Tree"
MEDIUM,Insert Interval,39.4,0.43473628714178475,https://leetcode.com/problems/insert-interval,Array
EASY,Same Tree,39.4,0.651268811570624,https://leetcode.com/problems/same-tree,"Tree, Depth-First Search, Breadth-First Search, Binary Tree"
EASY,Symmetric Tree,39.4,0.5927867908424697,https://leetcode.com/problems/symmetric-tree,"Tree, Depth-First Search, Breadth-First Search, Binary Tree"
MEDIUM,Permutations II,39.4,0.615917727605333,https://leetcode.com/problems/permutations-ii,"Array, Backtracking, Sorting"
MEDIUM,Reverse Linked List II,39.4,0.49591736647057,https://leetcode.com/problems/reverse-linked-list-ii,Linked List
MEDIUM,Multiply Strings,37.1,0.4228941429852704,https://leetcode.com/problems/multiply-strings,"Math, String, Simulation"
MEDIUM,Search in Rotated Sorted Array II,34.5,0.3887965146188378,https://leetcode.com/problems/search-in-rotated-sorted-array-ii,"Array, Binary Search"
HARD,Minimum Window Substring,34.5,0.4535073359144813,https://leetcode.com/problems/minimum-window-substring,"Hash Table, String, Sliding Window"
EASY,Binary Tree Inorder Traversal,34.5,0.7858399541084903,https://leetcode.com/problems/binary-tree-inorder-traversal,"Stack, Tree, Depth-First Search, Binary Tree"
MEDIUM,Partition List,34.5,0.5898677373641946,https://leetcode.com/problems/partition-list,"Linked List, Two Pointers"
HARD,Text Justification,34.5,0.4814988999917213,https://leetcode.com/problems/text-justification,"Array, String, Simulation"
HARD,Longest Valid Parentheses,31.6,0.3631311456770452,https://leetcode.com/problems/longest-valid-parentheses,"String, Dynamic Programming, Stack"
MEDIUM,Count and Say,31.6,0.6050656775612677,https://leetcode.com/problems/count-and-say,String
HARD,Maximal Rectangle,31.6,0.5370845822665518,https://leetcode.com/problems/maximal-rectangle,"Array, Dynamic Programming, Stack, Matrix, Monotonic Stack"
EASY,Convert Sorted Array to Binary Search Tree,31.6,0.7407934506434607,https://leetcode.com/problems/convert-sorted-array-to-binary-search-tree,"Array, Divide and Conquer, Tree, Binary Search Tree, Binary Tree"
MEDIUM,Combinations,28.1,0.7289648238875795,https://leetcode.com/problems/combinations,Backtracking
MEDIUM,Unique Paths II,28.1,0.43154364997722033,https://leetcode.com/problems/unique-paths-ii,"Array, Dynamic Programming, Matrix"
MEDIUM,Decode Ways,24.0,0.3653098525409497,https://leetcode.com/problems/decode-ways,"String, Dynamic Programming"
MEDIUM,Recover Binary Search Tree,24.0,0.5632431226781013,https://leetcode.com/problems/recover-binary-search-tree,"Tree, Depth-First Search, Binary Search Tree, Binary Tree"
MEDIUM,Construct Binary Tree from Inorder and Postorder Traversal,18.9,0.6608200104533679,https://leetcode.com/problems/construct-binary-tree-from-inorder-and-postorder-traversal,"Array, Hash Table, Divide and Conquer, Tree, Binary Tree"
HARD,N-Queens II,18.9,0.7672955295381376,https://leetcode.com/problems/n-queens-ii,Backtracking
MEDIUM,Unique Binary Search Trees,18.9,0.6244520536210353,https://leetcode.com/problems/unique-binary-search-trees,"Math, Dynamic Programming, Tree, Binary Search Tree, Binary Tree"
MEDIUM,Minimum Path Sum,18.9,0.664814934885504,https://leetcode.com/problems/minimum-path-sum,"Array, Dynamic Programming, Matrix"
MEDIUM,Convert Sorted List to Binary Search Tree,18.9,0.6445920225309912,https://leetcode.com/problems/convert-sorted-list-to-binary-search-tree,"Linked List, Divide and Conquer, Tree, Binary Search Tree, Binary Tree"
MEDIUM,Unique Binary Search Trees II,12.6,0.6039807221122715,https://leetcode.com/problems/unique-binary-search-trees-ii,"Dynamic Programming, Backtracking, Tree, Binary Search Tree, Binary Tree"
MEDIUM,Spiral Matrix II,12.6,0.734312719680276,https://leetcode.com/problems/spiral-matrix-ii,"Array, Matrix, Simulation"
