Difficulty,Title,Frequency,Acceptance Rate,Link,Topics
EASY,Two Sum,100.0,0.557769945892896,https://leetcode.com/problems/two-sum,"Array, Hash Table"
MEDIUM,Merge Intervals,85.7,0.4939526774846352,https://leetcode.com/problems/merge-intervals,"Array, Sorting"
MEDIUM,Add Two Numbers,85.7,0.4622507658063209,https://leetcode.com/problems/add-two-numbers,"Linked List, Math, Recursion"
MEDIUM,Longest Substring Without Repeating Characters,83.9,0.3693616884072647,https://leetcode.com/problems/longest-substring-without-repeating-characters,"Hash Table, String, Sliding Window"
EASY,Valid Parentheses,83.1,0.42322821704746877,https://leetcode.com/problems/valid-parentheses,"String, Stack"
EASY,Merge Sorted Array,81.4,0.5291951450619177,https://leetcode.com/problems/merge-sorted-array,"Array, Two Pointers, Sorting"
HARD,Trapping Rain Water,79.1,0.6510192988277056,https://leetcode.com/problems/trapping-rain-water,"Array, Two Pointers, Dynamic Programming, Stack, Monotonic Stack"
MEDIUM,3Sum,78.8,0.3707095218721556,https://leetcode.com/problems/3sum,"Array, Two Pointers, Sorting"
HARD,Median of Two Sorted Arrays,77.4,0.4381458442193333,https://leetcode.com/problems/median-of-two-sorted-arrays,"Array, Binary Search, Divide and Conquer"
MEDIUM,Longest Palindromic Substring,77.2,0.35846111456358737,https://leetcode.com/problems/longest-palindromic-substring,"Two Pointers, String, Dynamic Programming"
MEDIUM,Maximum Subarray,75.1,0.5209978267392302,https://leetcode.com/problems/maximum-subarray,"Array, Divide and Conquer, Dynamic Programming"
EASY,Remove Duplicates from Sorted Array,75.1,0.6035551112882038,https://leetcode.com/problems/remove-duplicates-from-sorted-array,"Array, Two Pointers"
EASY,Longest Common Prefix,74.8,0.4548305595040032,https://leetcode.com/problems/longest-common-prefix,"String, Trie"
EASY,Palindrome Number,74.5,0.5922454691837191,https://leetcode.com/problems/palindrome-number,Math
MEDIUM,Word Search,74.2,0.45266926269047814,https://leetcode.com/problems/word-search,"Array, String, Backtracking, Depth-First Search, Matrix"
EASY,Roman to Integer,73.6,0.6486627416542443,https://leetcode.com/problems/roman-to-integer,"Hash Table, Math, String"
MEDIUM,Reverse Integer,72.7,0.3030891979001635,https://leetcode.com/problems/reverse-integer,Math
MEDIUM,Container With Most Water,72.1,0.5778282574410597,https://leetcode.com/problems/container-with-most-water,"Array, Two Pointers, Greedy"
MEDIUM,Search in Rotated Sorted Array,70.7,0.4283722138743466,https://leetcode.com/problems/search-in-rotated-sorted-array,"Array, Binary Search"
MEDIUM,Subsets,70.0,0.808795565390318,https://leetcode.com/problems/subsets,"Array, Backtracking, Bit Manipulation"
EASY,Merge Two Sorted Lists,69.6,0.6684091757223755,https://leetcode.com/problems/merge-two-sorted-lists,"Linked List, Recursion"
MEDIUM,Next Permutation,68.1,0.4305772664998175,https://leetcode.com/problems/next-permutation,"Array, Two Pointers"
MEDIUM,Validate Binary Search Tree,67.3,0.34380387886661157,https://leetcode.com/problems/validate-binary-search-tree,"Tree, Depth-First Search, Binary Search Tree, Binary Tree"
MEDIUM,Generate Parentheses,66.9,0.7713286717803378,https://leetcode.com/problems/generate-parentheses,"String, Dynamic Programming, Backtracking"
MEDIUM,Group Anagrams,66.9,0.7092882244410338,https://leetcode.com/problems/group-anagrams,"Array, Hash Table, String, Sorting"
MEDIUM,Rotate Image,65.6,0.7790164518819447,https://leetcode.com/problems/rotate-image,"Array, Math, Matrix"
MEDIUM,"Pow(x, n)",64.6,0.3702317602905621,https://leetcode.com/problems/powx-n,"Math, Recursion"
EASY,Climbing Stairs,64.2,0.5354071257240982,https://leetcode.com/problems/climbing-stairs,"Math, Dynamic Programming, Memoization"
EASY,Remove Element,63.7,0.600316358048653,https://leetcode.com/problems/remove-element,"Array, Two Pointers"
MEDIUM,Jump Game,62.1,0.39479197867291327,https://leetcode.com/problems/jump-game,"Array, Dynamic Programming, Greedy"
EASY,Sqrt(x),61.6,0.4037178718652037,https://leetcode.com/problems/sqrtx,"Math, Binary Search"
MEDIUM,Binary Tree Level Order Traversal,61.0,0.7059658947038693,https://leetcode.com/problems/binary-tree-level-order-traversal,"Tree, Breadth-First Search, Binary Tree"
HARD,Merge k Sorted Lists,59.8,0.567741907864408,https://leetcode.com/problems/merge-k-sorted-lists,"Linked List, Divide and Conquer, Heap (Priority Queue), Merge Sort"
EASY,Find the Index of the First Occurrence in a String,59.8,0.449716000865219,https://leetcode.com/problems/find-the-index-of-the-first-occurrence-in-a-string,"Two Pointers, String, String Matching"
MEDIUM,Unique Paths,59.8,0.6577283527258664,https://leetcode.com/problems/unique-paths,"Math, Dynamic Programming, Combinatorics"
MEDIUM,Find First and Last Position of Element in Sorted Array,59.8,0.4682873183580639,https://leetcode.com/problems/find-first-and-last-position-of-element-in-sorted-array,"Array, Binary Search"
MEDIUM,Spiral Matrix,57.9,0.5393973501075863,https://leetcode.com/problems/spiral-matrix,"Array, Matrix, Simulation"
MEDIUM,Set Matrix Zeroes,57.2,0.6070883209364217,https://leetcode.com/problems/set-matrix-zeroes,"Array, Hash Table, Matrix"
MEDIUM,4Sum,57.2,0.38219020113793045,https://leetcode.com/problems/4sum,"Array, Two Pointers, Sorting"
MEDIUM,String to Integer (atoi),57.2,0.19229423495277723,https://leetcode.com/problems/string-to-integer-atoi,String
MEDIUM,Swap Nodes in Pairs,55.0,0.6720136828647639,https://leetcode.com/problems/swap-nodes-in-pairs,"Linked List, Recursion"
MEDIUM,3Sum Closest,55.0,0.468869600214817,https://leetcode.com/problems/3sum-closest,"Array, Two Pointers, Sorting"
EASY,Search Insert Position,54.2,0.4901241638473952,https://leetcode.com/problems/search-insert-position,"Array, Binary Search"
MEDIUM,Binary Tree Zigzag Level Order Traversal,53.4,0.6168283891746636,https://leetcode.com/problems/binary-tree-zigzag-level-order-traversal,"Tree, Breadth-First Search, Binary Tree"
MEDIUM,Jump Game II,53.4,0.4150331235291809,https://leetcode.com/problems/jump-game-ii,"Array, Dynamic Programming, Greedy"
MEDIUM,Permutations,53.4,0.8066011364163758,https://leetcode.com/problems/permutations,"Array, Backtracking"
MEDIUM,Search a 2D Matrix,52.6,0.5228957258337302,https://leetcode.com/problems/search-a-2d-matrix,"Array, Binary Search, Matrix"
MEDIUM,Sort Colors,52.6,0.6758312948649591,https://leetcode.com/problems/sort-colors,"Array, Two Pointers, Sorting"
MEDIUM,Construct Binary Tree from Preorder and Inorder Traversal,52.6,0.6683774773521286,https://leetcode.com/problems/construct-binary-tree-from-preorder-and-inorder-traversal,"Array, Hash Table, Divide and Conquer, Tree, Binary Tree"
MEDIUM,Combination Sum,52.6,0.7467467920803577,https://leetcode.com/problems/combination-sum,"Array, Backtracking"
HARD,Reverse Nodes in k-Group,51.6,0.6304374335039493,https://leetcode.com/problems/reverse-nodes-in-k-group,"Linked List, Recursion"
EASY,Add Binary,51.6,0.5567701348180015,https://leetcode.com/problems/add-binary,"Math, String, Bit Manipulation, Simulation"
HARD,Regular Expression Matching,51.6,0.29280131010169236,https://leetcode.com/problems/regular-expression-matching,"String, Dynamic Programming, Recursion"
EASY,Same Tree,50.7,0.651268811570624,https://leetcode.com/problems/same-tree,"Tree, Depth-First Search, Breadth-First Search, Binary Tree"
MEDIUM,Letter Combinations of a Phone Number,50.7,0.6385756647080152,https://leetcode.com/problems/letter-combinations-of-a-phone-number,"Hash Table, String, Backtracking"
EASY,Symmetric Tree,50.7,0.5927867908424697,https://leetcode.com/problems/symmetric-tree,"Tree, Depth-First Search, Breadth-First Search, Binary Tree"
MEDIUM,Zigzag Conversion,49.7,0.5160676713980508,https://leetcode.com/problems/zigzag-conversion,String
EASY,Maximum Depth of Binary Tree,48.7,0.7713813520613833,https://leetcode.com/problems/maximum-depth-of-binary-tree,"Tree, Depth-First Search, Breadth-First Search, Binary Tree"
MEDIUM,Valid Sudoku,48.7,0.6227675793740958,https://leetcode.com/problems/valid-sudoku,"Array, Hash Table, Matrix"
EASY,Plus One,48.7,0.47547621095134496,https://leetcode.com/problems/plus-one,"Array, Math"
MEDIUM,Remove Nth Node From End of List,47.6,0.48961030525634286,https://leetcode.com/problems/remove-nth-node-from-end-of-list,"Linked List, Two Pointers"
HARD,Largest Rectangle in Histogram,47.6,0.4737765317407914,https://leetcode.com/problems/largest-rectangle-in-histogram,"Array, Stack, Monotonic Stack"
EASY,Remove Duplicates from Sorted List,47.6,0.5487080353115535,https://leetcode.com/problems/remove-duplicates-from-sorted-list,Linked List
MEDIUM,Rotate List,47.6,0.3994476047394924,https://leetcode.com/problems/rotate-list,"Linked List, Two Pointers"
MEDIUM,Combination Sum II,46.4,0.5767453180420465,https://leetcode.com/problems/combination-sum-ii,"Array, Backtracking"
HARD,Sudoku Solver,46.4,0.6390871778033164,https://leetcode.com/problems/sudoku-solver,"Array, Hash Table, Backtracking, Matrix"
HARD,First Missing Positive,46.4,0.4108465766394882,https://leetcode.com/problems/first-missing-positive,"Array, Hash Table"
MEDIUM,Remove Duplicates from Sorted Array II,45.1,0.6290182512570529,https://leetcode.com/problems/remove-duplicates-from-sorted-array-ii,"Array, Two Pointers"
MEDIUM,Divide Two Integers,45.1,0.18396975085033054,https://leetcode.com/problems/divide-two-integers,"Math, Bit Manipulation"
MEDIUM,Integer to Roman,45.1,0.6861931275088928,https://leetcode.com/problems/integer-to-roman,"Hash Table, Math, String"
MEDIUM,Unique Paths II,45.1,0.43154364997722033,https://leetcode.com/problems/unique-paths-ii,"Array, Dynamic Programming, Matrix"
EASY,Length of Last Word,45.1,0.5631926999044908,https://leetcode.com/problems/length-of-last-word,String
MEDIUM,Subsets II,43.8,0.595072748658621,https://leetcode.com/problems/subsets-ii,"Array, Backtracking, Bit Manipulation"
HARD,Wildcard Matching,43.8,0.2989833857244126,https://leetcode.com/problems/wildcard-matching,"String, Dynamic Programming, Greedy, Recursion"
MEDIUM,Edit Distance,42.4,0.5878974125922288,https://leetcode.com/problems/edit-distance,"String, Dynamic Programming"
HARD,N-Queens,42.4,0.7281704967757537,https://leetcode.com/problems/n-queens,"Array, Backtracking"
MEDIUM,Reverse Linked List II,40.8,0.49591736647057,https://leetcode.com/problems/reverse-linked-list-ii,Linked List
MEDIUM,Remove Duplicates from Sorted List II,40.8,0.4989080936318432,https://leetcode.com/problems/remove-duplicates-from-sorted-list-ii,"Linked List, Two Pointers"
HARD,Longest Valid Parentheses,39.2,0.3631311456770452,https://leetcode.com/problems/longest-valid-parentheses,"String, Dynamic Programming, Stack"
MEDIUM,Simplify Path,39.2,0.4785432317744196,https://leetcode.com/problems/simplify-path,"String, Stack"
MEDIUM,Insert Interval,39.2,0.43473628714178475,https://leetcode.com/problems/insert-interval,Array
MEDIUM,Partition List,35.4,0.5898677373641946,https://leetcode.com/problems/partition-list,"Linked List, Two Pointers"
MEDIUM,Permutations II,35.4,0.615917727605333,https://leetcode.com/problems/permutations-ii,"Array, Backtracking, Sorting"
MEDIUM,Multiply Strings,35.4,0.4228941429852704,https://leetcode.com/problems/multiply-strings,"Math, String, Simulation"
HARD,Minimum Window Substring,35.4,0.4535073359144813,https://leetcode.com/problems/minimum-window-substring,"Hash Table, String, Sliding Window"
HARD,Maximal Rectangle,33.1,0.5370845822665518,https://leetcode.com/problems/maximal-rectangle,"Array, Dynamic Programming, Stack, Matrix, Monotonic Stack"
EASY,Binary Tree Inorder Traversal,33.1,0.7858399541084903,https://leetcode.com/problems/binary-tree-inorder-traversal,"Stack, Tree, Depth-First Search, Binary Tree"
HARD,Text Justification,30.6,0.4814988999917213,https://leetcode.com/problems/text-justification,"Array, String, Simulation"
MEDIUM,Search in Rotated Sorted Array II,30.6,0.3887965146188378,https://leetcode.com/problems/search-in-rotated-sorted-array-ii,"Array, Binary Search"
MEDIUM,Count and Say,27.8,0.6050656775612677,https://leetcode.com/problems/count-and-say,String
MEDIUM,Minimum Path Sum,27.8,0.664814934885504,https://leetcode.com/problems/minimum-path-sum,"Array, Dynamic Programming, Matrix"
MEDIUM,Recover Binary Search Tree,27.8,0.5632431226781013,https://leetcode.com/problems/recover-binary-search-tree,"Tree, Depth-First Search, Binary Search Tree, Binary Tree"
MEDIUM,Combinations,27.8,0.7289648238875795,https://leetcode.com/problems/combinations,Backtracking
HARD,Substring with Concatenation of All Words,24.5,0.32997499702748073,https://leetcode.com/problems/substring-with-concatenation-of-all-words,"Hash Table, String, Sliding Window"
MEDIUM,Decode Ways,24.5,0.36531001082332054,https://leetcode.com/problems/decode-ways,"String, Dynamic Programming"
MEDIUM,Unique Binary Search Trees II,20.6,0.6039807221122715,https://leetcode.com/problems/unique-binary-search-trees-ii,"Dynamic Programming, Backtracking, Tree, Binary Search Tree, Binary Tree"
HARD,N-Queens II,20.6,0.7672955295381376,https://leetcode.com/problems/n-queens-ii,Backtracking
MEDIUM,Unique Binary Search Trees,20.6,0.6244520536210353,https://leetcode.com/problems/unique-binary-search-trees,"Math, Dynamic Programming, Tree, Binary Search Tree, Binary Tree"
MEDIUM,Gray Code,15.8,0.6187231456205623,https://leetcode.com/problems/gray-code,"Math, Backtracking, Bit Manipulation"
MEDIUM,Spiral Matrix II,10.1,0.734312719680276,https://leetcode.com/problems/spiral-matrix-ii,"Array, Matrix, Simulation"
