Difficulty,Title,Frequency,Acceptance Rate,Link,Topics
MEDIUM,Maximum Subarray,100.0,0.5209980487725024,https://leetcode.com/problems/maximum-subarray,"Array, Divide and Conquer, Dynamic Programming"
EASY,Move Zeroes,100.0,0.6280403369085903,https://leetcode.com/problems/move-zeroes,"Array, Two Pointers"
MEDIUM,Number of Islands,87.1,0.6232001096557939,https://leetcode.com/problems/number-of-islands,"Array, Depth-First Search, Breadth-First Search, Union Find, Matrix"
HARD,Divide Nodes Into the Maximum Number of Groups,87.1,0.6736557431799484,https://leetcode.com/problems/divide-nodes-into-the-maximum-number-of-groups,"Depth-First Search, Breadth-First Search, Union Find, Graph"
EASY,Fibonacci Number,87.1,0.7294492271152765,https://leetcode.com/problems/fibonacci-number,"Math, Dynamic Programming, Recursion, Memoization"
EASY,Majority Element,87.1,0.657403169331404,https://leetcode.com/problems/majority-element,"Array, Hash Table, Divide and Conquer, Sorting, Counting"
EASY,Intersection of Two Arrays,87.1,0.7647431845238689,https://leetcode.com/problems/intersection-of-two-arrays,"Array, Hash Table, Two Pointers, Binary Search, Sorting"
MEDIUM,Koko Eating Bananas,87.1,0.4906724004144251,https://leetcode.com/problems/koko-eating-bananas,"Array, Binary Search"
EASY,Climbing Stairs,87.1,0.5354071218159873,https://leetcode.com/problems/climbing-stairs,"Math, Dynamic Programming, Memoization"
EASY,Best Time to Buy and Sell Stock,87.1,0.5525962294861477,https://leetcode.com/problems/best-time-to-buy-and-sell-stock,"Array, Dynamic Programming"
