Difficulty,Title,Frequency,Acceptance Rate,Link,Topics
MEDIUM,Bulb Switcher,100.0,0.540826122720978,https://leetcode.com/problems/bulb-switcher,"Math, Brainteaser"
EASY,Happy Number,99.0,0.580726470983853,https://leetcode.com/problems/happy-number,"Hash Table, Math, Two Pointers"
EASY,Two Sum,95.7,0.557770016057161,https://leetcode.com/problems/two-sum,"Array, Hash Table"
EASY,Climbing Stairs,92.0,0.5354071218159873,https://leetcode.com/problems/climbing-stairs,"Math, Dynamic Programming, Memoization"
EASY,Best Time to Buy and Sell Stock,92.0,0.5525962294861477,https://leetcode.com/problems/best-time-to-buy-and-sell-stock,"Array, Dynamic Programming"
EASY,Palindrome Number,85.8,0.5922453952673293,https://leetcode.com/problems/palindrome-number,Math
MEDIUM,Rotate Array,84.0,0.43021388103635533,https://leetcode.com/problems/rotate-array,"Array, Math, Two Pointers"
EASY,Roman to Integer,79.9,0.6486630367350482,https://leetcode.com/problems/roman-to-integer,"Hash Table, Math, String"
MEDIUM,Maximum Subarray,79.9,0.5209980487725024,https://leetcode.com/problems/maximum-subarray,"Array, Divide and Conquer, Dynamic Programming"
MEDIUM,Delete and Earn,79.9,0.5672788571185733,https://leetcode.com/problems/delete-and-earn,"Array, Hash Table, Dynamic Programming"
EASY,Sum of Values at Indices With K Set Bits,77.6,0.8574056118113935,https://leetcode.com/problems/sum-of-values-at-indices-with-k-set-bits,"Array, Bit Manipulation"
EASY,Find Subsequence of Length K With the Largest Sum,77.6,0.45505011774446397,https://leetcode.com/problems/find-subsequence-of-length-k-with-the-largest-sum,"Array, Hash Table, Sorting, Heap (Priority Queue)"
EASY,Maximum Area of Longest Diagonal Rectangle,77.6,0.3654547482773711,https://leetcode.com/problems/maximum-area-of-longest-diagonal-rectangle,Array
EASY,Ant on the Boundary,77.6,0.7373794071215576,https://leetcode.com/problems/ant-on-the-boundary,"Array, Simulation, Prefix Sum"
EASY,Count Tested Devices After Test Operations,77.6,0.7841276445923887,https://leetcode.com/problems/count-tested-devices-after-test-operations,"Array, Simulation, Counting"
EASY,Permutation Difference between Two Strings,77.6,0.8718108100471845,https://leetcode.com/problems/permutation-difference-between-two-strings,"Hash Table, String"
EASY,Minimum Right Shifts to Sort the Array,77.6,0.5670578736411085,https://leetcode.com/problems/minimum-right-shifts-to-sort-the-array,Array
MEDIUM,Reverse Integer,75.0,0.3030894236484883,https://leetcode.com/problems/reverse-integer,Math
MEDIUM,Longest Palindromic Substring,75.0,0.3584611319731286,https://leetcode.com/problems/longest-palindromic-substring,"Two Pointers, String, Dynamic Programming"
MEDIUM,Largest Number,75.0,0.412803811932624,https://leetcode.com/problems/largest-number,"Array, String, Greedy, Sorting"
EASY,Merge Sorted Array,75.0,0.5291953057434996,https://leetcode.com/problems/merge-sorted-array,"Array, Two Pointers, Sorting"
EASY,Longest Common Prefix,75.0,0.45483097467010153,https://leetcode.com/problems/longest-common-prefix,"String, Trie"
MEDIUM,Spiral Matrix,72.1,0.539397306376751,https://leetcode.com/problems/spiral-matrix,"Array, Matrix, Simulation"
HARD,Shortest Palindrome,68.9,0.40655864915631257,https://leetcode.com/problems/shortest-palindrome,"String, Rolling Hash, String Matching, Hash Function"
EASY,Sort Integers by The Number of 1 Bits,68.9,0.7868399685247711,https://leetcode.com/problems/sort-integers-by-the-number-of-1-bits,"Array, Bit Manipulation, Sorting, Counting"
EASY,Majority Element,68.9,0.657403169331404,https://leetcode.com/problems/majority-element,"Array, Hash Table, Divide and Conquer, Sorting, Counting"
MEDIUM,Longest Substring Without Repeating Characters,68.9,0.36936169939187624,https://leetcode.com/problems/longest-substring-without-repeating-characters,"Hash Table, String, Sliding Window"
MEDIUM,3Sum,68.9,0.37070962146937414,https://leetcode.com/problems/3sum,"Array, Two Pointers, Sorting"
MEDIUM,Find Peak Element,68.9,0.465092325586426,https://leetcode.com/problems/find-peak-element,"Array, Binary Search"
MEDIUM,Reverse Words in a String,68.9,0.5191330387431672,https://leetcode.com/problems/reverse-words-in-a-string,"Two Pointers, String"
MEDIUM,Perfect Squares,68.9,0.5567219809781053,https://leetcode.com/problems/perfect-squares,"Math, Dynamic Programming, Breadth-First Search"
MEDIUM,Integer Break,65.1,0.6114190176740073,https://leetcode.com/problems/integer-break,"Math, Dynamic Programming"
EASY,Valid Anagram,65.1,0.6666090586972462,https://leetcode.com/problems/valid-anagram,"Hash Table, String, Sorting"
EASY,Valid Parentheses,65.1,0.42322838633743504,https://leetcode.com/problems/valid-parentheses,"String, Stack"
EASY,Plus One,60.7,0.475476411109977,https://leetcode.com/problems/plus-one,"Array, Math"
MEDIUM,Product of Array Except Self,60.7,0.6777996139428187,https://leetcode.com/problems/product-of-array-except-self,"Array, Prefix Sum"
MEDIUM,Container With Most Water,60.7,0.5778283257455421,https://leetcode.com/problems/container-with-most-water,"Array, Two Pointers, Greedy"
EASY,Fibonacci Number,60.7,0.7294492271152765,https://leetcode.com/problems/fibonacci-number,"Math, Dynamic Programming, Recursion, Memoization"
EASY,Remove Duplicates from Sorted Array,60.7,0.6035555860093221,https://leetcode.com/problems/remove-duplicates-from-sorted-array,"Array, Two Pointers"
MEDIUM,Add Two Numbers,60.7,0.4622509481999829,https://leetcode.com/problems/add-two-numbers,"Linked List, Math, Recursion"
EASY,Assign Cookies,55.3,0.5387630018736772,https://leetcode.com/problems/assign-cookies,"Array, Two Pointers, Greedy, Sorting"
MEDIUM,House Robber,55.3,0.5230498170963667,https://leetcode.com/problems/house-robber,"Array, Dynamic Programming"
EASY,Reverse Vowels of a String,55.3,0.5818743809957564,https://leetcode.com/problems/reverse-vowels-of-a-string,"Two Pointers, String"
MEDIUM,Find First and Last Position of Element in Sorted Array,55.3,0.46828796326153027,https://leetcode.com/problems/find-first-and-last-position-of-element-in-sorted-array,"Array, Binary Search"
MEDIUM,Longest Increasing Subsequence,55.3,0.5780836795005291,https://leetcode.com/problems/longest-increasing-subsequence,"Array, Binary Search, Dynamic Programming"
MEDIUM,Coin Change,55.3,0.46495497551209813,https://leetcode.com/problems/coin-change,"Array, Dynamic Programming, Breadth-First Search"
MEDIUM,Nth Digit,55.3,0.35703508231245346,https://leetcode.com/problems/nth-digit,"Math, Binary Search"
HARD,Candy,55.3,0.4669985426363719,https://leetcode.com/problems/candy,"Array, Greedy"
MEDIUM,Count Primes,55.3,0.347906460282023,https://leetcode.com/problems/count-primes,"Array, Math, Enumeration, Number Theory"
MEDIUM,Merge Intervals,55.3,0.49395238677841924,https://leetcode.com/problems/merge-intervals,"Array, Sorting"
MEDIUM,Koko Eating Bananas,55.3,0.49067218770848586,https://leetcode.com/problems/koko-eating-bananas,"Array, Binary Search"
EASY,Pascal's Triangle,55.3,0.7702155451607752,https://leetcode.com/problems/pascals-triangle,"Array, Dynamic Programming"
MEDIUM,Rotate Image,48.3,0.7790164128488621,https://leetcode.com/problems/rotate-image,"Array, Math, Matrix"
EASY,Perfect Number,48.3,0.4489272110098634,https://leetcode.com/problems/perfect-number,Math
EASY,Sort Array by Increasing Frequency,48.3,0.802688099698792,https://leetcode.com/problems/sort-array-by-increasing-frequency,"Array, Hash Table, Sorting"
MEDIUM,Find the Winner of the Circular Game,48.3,0.8206656341049726,https://leetcode.com/problems/find-the-winner-of-the-circular-game,"Array, Math, Recursion, Queue, Simulation"
EASY,Next Greater Element I,48.3,0.7451247376157817,https://leetcode.com/problems/next-greater-element-i,"Array, Hash Table, Stack, Monotonic Stack"
EASY,Valid Palindrome,48.3,0.5096352873238165,https://leetcode.com/problems/valid-palindrome,"Two Pointers, String"
MEDIUM,Edit Distance,48.3,0.5878980645167777,https://leetcode.com/problems/edit-distance,"String, Dynamic Programming"
MEDIUM,Next Permutation,48.3,0.4305775328017951,https://leetcode.com/problems/next-permutation,"Array, Two Pointers"
EASY,Reverse Linked List,48.3,0.7920658147104805,https://leetcode.com/problems/reverse-linked-list,"Linked List, Recursion"
EASY,Remove Element,48.3,0.6003166682334926,https://leetcode.com/problems/remove-element,"Array, Two Pointers"
EASY,Remove Duplicates from Sorted List,48.3,0.5487083600303359,https://leetcode.com/problems/remove-duplicates-from-sorted-list,Linked List
EASY,Is Subsequence,48.3,0.4838251044443939,https://leetcode.com/problems/is-subsequence,"Two Pointers, String, Dynamic Programming"
EASY,Find the Index of the First Occurrence in a String,48.3,0.44971588709261107,https://leetcode.com/problems/find-the-index-of-the-first-occurrence-in-a-string,"Two Pointers, String, String Matching"
MEDIUM,Peak Index in a Mountain Array,48.3,0.6756950201420634,https://leetcode.com/problems/peak-index-in-a-mountain-array,"Array, Binary Search"
EASY,Max Consecutive Ones,48.3,0.6248245679658861,https://leetcode.com/problems/max-consecutive-ones,Array
MEDIUM,Unique Paths,48.3,0.6577289258301743,https://leetcode.com/problems/unique-paths,"Math, Dynamic Programming, Combinatorics"
EASY,Contains Duplicate,48.3,0.6323637027239968,https://leetcode.com/problems/contains-duplicate,"Array, Hash Table, Sorting"
MEDIUM,Majority Element II,48.3,0.5438038643985776,https://leetcode.com/problems/majority-element-ii,"Array, Hash Table, Sorting, Counting"
MEDIUM,01 Matrix,38.7,0.514765516483987,https://leetcode.com/problems/01-matrix,"Array, Dynamic Programming, Breadth-First Search, Matrix"
EASY,Average Value of Even Numbers That Are Divisible by Three,38.7,0.6171273472553038,https://leetcode.com/problems/average-value-of-even-numbers-that-are-divisible-by-three,"Array, Math"
MEDIUM,Integer to Roman,38.7,0.6861928350336115,https://leetcode.com/problems/integer-to-roman,"Hash Table, Math, String"
MEDIUM,Single Number II,38.7,0.6522779397029894,https://leetcode.com/problems/single-number-ii,"Array, Bit Manipulation"
MEDIUM,Daily Temperatures,38.7,0.6736502832589849,https://leetcode.com/problems/daily-temperatures,"Array, Stack, Monotonic Stack"
MEDIUM,Search a 2D Matrix,38.7,0.5228964498029818,https://leetcode.com/problems/search-a-2d-matrix,"Array, Binary Search, Matrix"
EASY,Count Pairs Whose Sum is Less than Target,38.7,0.8749486239271467,https://leetcode.com/problems/count-pairs-whose-sum-is-less-than-target,"Array, Two Pointers, Binary Search, Sorting"
MEDIUM,Kth Largest Element in an Array,38.7,0.6797703525274048,https://leetcode.com/problems/kth-largest-element-in-an-array,"Array, Divide and Conquer, Sorting, Heap (Priority Queue), Quickselect"
EASY,Substrings of Size Three with Distinct Characters,38.7,0.7545459484913246,https://leetcode.com/problems/substrings-of-size-three-with-distinct-characters,"Hash Table, String, Sliding Window, Counting"
EASY,Count Operations to Obtain Zero,38.7,0.7488952285059014,https://leetcode.com/problems/count-operations-to-obtain-zero,"Math, Simulation"
EASY,Number of Days Between Two Dates,38.7,0.5135244857670509,https://leetcode.com/problems/number-of-days-between-two-dates,"Math, String"
EASY,Maximum Depth of Binary Tree,38.7,0.7713809909365511,https://leetcode.com/problems/maximum-depth-of-binary-tree,"Tree, Depth-First Search, Breadth-First Search, Binary Tree"
EASY,Excel Sheet Column Title,38.7,0.43570325767039314,https://leetcode.com/problems/excel-sheet-column-title,"Math, String"
MEDIUM,Second Highest Salary,38.7,0.43865090184760885,https://leetcode.com/problems/second-highest-salary,Database
EASY,Sqrt(x),38.7,0.4037183318664056,https://leetcode.com/problems/sqrtx,"Math, Binary Search"
MEDIUM,Find Original Array From Doubled Array,38.7,0.40480350316876534,https://leetcode.com/problems/find-original-array-from-doubled-array,"Array, Hash Table, Greedy, Sorting"
EASY,N-th Tribonacci Number,38.7,0.635772214126963,https://leetcode.com/problems/n-th-tribonacci-number,"Math, Dynamic Programming, Memoization"
MEDIUM,Basic Calculator II,38.7,0.4581138691872612,https://leetcode.com/problems/basic-calculator-ii,"Math, String, Stack"
MEDIUM,"Pow(x, n)",38.7,0.37023201698953384,https://leetcode.com/problems/powx-n,"Math, Recursion"
MEDIUM,Ugly Number II,38.7,0.4925492738355708,https://leetcode.com/problems/ugly-number-ii,"Hash Table, Math, Dynamic Programming, Heap (Priority Queue)"
EASY,Intersection of Two Linked Lists,38.7,0.6112536319835228,https://leetcode.com/problems/intersection-of-two-linked-lists,"Hash Table, Linked List, Two Pointers"
MEDIUM,Group Anagrams,38.7,0.7092883921583564,https://leetcode.com/problems/group-anagrams,"Array, Hash Table, String, Sorting"
EASY,How Many Numbers Are Smaller Than the Current Number,38.7,0.871269383019646,https://leetcode.com/problems/how-many-numbers-are-smaller-than-the-current-number,"Array, Hash Table, Sorting, Counting Sort"
MEDIUM,Palindromic Substrings,38.7,0.716785649066935,https://leetcode.com/problems/palindromic-substrings,"Two Pointers, String, Dynamic Programming"
EASY,Min Cost Climbing Stairs,38.7,0.6719531222257235,https://leetcode.com/problems/min-cost-climbing-stairs,"Array, Dynamic Programming"
EASY,Truncate Sentence,38.7,0.8606791561237997,https://leetcode.com/problems/truncate-sentence,"Array, String"
HARD,Median of Two Sorted Arrays,38.7,0.4381457870347289,https://leetcode.com/problems/median-of-two-sorted-arrays,"Array, Binary Search, Divide and Conquer"
EASY,Binary Search,38.7,0.5956449173170992,https://leetcode.com/problems/binary-search,"Array, Binary Search"
EASY,Make The String Great,38.7,0.6827752983137568,https://leetcode.com/problems/make-the-string-great,"String, Stack"
HARD,Department Top Three Salaries,38.7,0.5777096577549421,https://leetcode.com/problems/department-top-three-salaries,Database
