Difficulty,Title,Frequency,Acceptance Rate,Link,Topics
MEDIUM,Implement Router,100.0,0.2178262846748522,https://leetcode.com/problems/implement-router,"Array, Hash Table, Binary Search, Design, Queue, Ordered Set"
MEDIUM,House Robber,79.5,0.5230498170963667,https://leetcode.com/problems/house-robber,"Array, Dynamic Programming"
MEDIUM,Longest Palindromic Substring,73.1,0.35846127081875356,https://leetcode.com/problems/longest-palindromic-substring,"Two Pointers, String, Dynamic Programming"
EASY,Lucky Numbers in a Matrix,73.1,0.7990618901629731,https://leetcode.com/problems/lucky-numbers-in-a-matrix,"Array, Matrix"
MEDIUM,Rotate Image,64.1,0.7790166005161556,https://leetcode.com/problems/rotate-image,"Array, Math, Matrix"
EASY,Fizz Buzz,64.1,0.7437057263879774,https://leetcode.com/problems/fizz-buzz,"Math, String, Simulation"
MEDIUM,Longest Substring Without Repeating Characters,64.1,0.36936169499803667,https://leetcode.com/problems/longest-substring-without-repeating-characters,"Hash Table, String, Sliding Window"
EASY,Linked List Cycle,64.1,0.5257064695869657,https://leetcode.com/problems/linked-list-cycle,"Hash Table, Linked List, Two Pointers"
